coding,entity,terms
Atlantic salmon,farmed species,Atlantic salmon; Salmo salar; S. salar; Scottish salmon; Norwegian salmon; Baltic salmon; landlocked salmon; ouananiche; unaniche
Rainbow trout,farmed species,Rainbow trout; Oncorhynchus mykiss; O. mykiss; Steelhead; Steelhead trout; Salmo gairdneri; Salmo gardineri; Salmo gairdnerii; S. gairdneri; S. gardineri; S. gairdnerii; California trout; arc-en-ciel; Parasalmo mykiss; Onchorhynchus mykiss; Salmo irideus; S. irideus; redband trout; Salmo mykiss; Oncorhynchus gairdnerii; Salmo iridea; Onchorrhychus mykiss; Onchorynchus mykiss; Oncorhynchus myskis; Oncorhynchus mykkis; Oncorhyncus mykiss; OOncorhynchus mykiss; Oncorhynchus mykis; Salmo giardneri; trucha arco iris; trucha arcoíris; truite arc-en-ciel; truite arc en ciel; truta-arco-íris; truta arco íris; truta-arco-iris; regnbueørret; regnbueaure; regnbåge; regnbågslax; regnbågsöring; kirjolohi; Regenbogenforelle; regnbueørred; regnbogasilungur; ælabogasíl; trota iridea; trota arcobaleno; gökkuşağı alabalığı; gokkusagi alabaligi; قزل آلای رنگین کمان; قزل‌آلای رنگین‌کمان; قزل آلاي رنگين كمان; Ghezelalla-e-Rangin Kaman; Qezel Ala Ranginkaman; تراوت قوس قزح
Chinook salmon,farmed species,Chinook salmon; Oncorhynchus tshawytscha; O. tshawytscha; Onchorhynchus tshawytscha; king salmon; Oncorhynchus tshaivytscha; Onchorhynchus tshaivytscha; Quinnat salmon; chinook; tyee; blackmouth
Coho salmon,farmed species,Coho salmon; Oncorhynchus kisutch; O. kisutch; Onchorhynchus kisutch; silver salmon; coho
Sockeye salmon,farmed species,Sockeye salmon; Oncorhynchus nerka; O. nerka; Onchorhynchus nerka; kokanee salmon; red salmon; blueback salmon; blue-back; kokanee; nerka
Chum salmon,farmed species,Chum salmon; Oncorhynchus keta; O. keta; Onchorhynchus keta; dog salmon; keta salmon; keta; calico salmon
Pink salmon,farmed species,Pink salmon; Oncorhynchus gorbuscha; O. gorbuscha; Onchorhynchus gorbuscha; humpback salmon; humpy
Masu salmon,farmed species,Masu salmon; Oncorhynchus masou; O. masou; masou salmon; Onchorhynchus masou; amago; cherry salmon; yamame trout; Japanese salmon; honmasu; sakuramasu; satsukimasu; yamame
Unspecified species,farmed species,Salmon; Salmons; Salmon farm; Salmon farms; Farmed salmon; Salmon aquaculture; Salmon cage; Salmon cages; Salmon pen; Salmon pens; Salmon louse; Salmon lice; salmón; salmones; saumon; saumons; salmão; salmões; laks; lax; laxar; lohi; lohet; Lachs; Lachse; laksur; laksar; salmoniculture; salmonicole; salmonicultura
