species_id,preferred_name,scientific_name,synonym,synonym_type,is_farmed_candidate,default_group,notes
SAL_SALAR,Atlantic salmon,Salmo salar,Atlantic salmon,common,TRUE,salmon,
SAL_SALAR,Atlantic salmon,Salmo salar,Salmo salar,scientific,TRUE,salmon,
SAL_SALAR,Atlantic salmon,Salmo salar,S. salar,abbreviation,TRUE,salmon,
SAL_SALAR,Atlantic salmon,Salmo salar,Scottish salmon,common,TRUE,salmon,
SAL_SALAR,Atlantic salmon,Salmo salar,Norwegian salmon,common,TRUE,salmon,
ONC_MYKISS,Rainbow trout,Oncorhynchus mykiss,Rainbow trout,common,TRUE,trout,
ONC_MYKISS,Rainbow trout,Oncorhynchus mykiss,Oncorhynchus mykiss,scientific,TRUE,trout,
ONC_MYKISS,Rainbow trout,Oncorhynchus mykiss,O. mykiss,abbreviation,TRUE,trout,
ONC_MYKISS,Rainbow trout,Oncorhynchus mykiss,Steelhead,common,TRUE,trout,North American common name
ONC_MYKISS,Rainbow trout,Oncorhynchus mykiss,Steelhead trout,common,TRUE,trout,North American common name
ONC_MYKISS,Rainbow trout,Oncorhynchus mykiss,Salmo gairdneri,scientific,TRUE,trout,Historical scientific name
ONC_MYKISS,Rainbow trout,Oncorhynchus mykiss,Salmo gardineri,scientific,TRUE,trout,Observed misspelling of Salmo gairdneri
ONC_MYKISS,Rainbow trout,Oncorhynchus mykiss,Salmo gairdnerii,scientific,TRUE,trout,Observed spelling variant of Salmo gairdneri
ONC_MYKISS,Rainbow trout,Oncorhynchus mykiss,S. gairdneri,abbreviation,TRUE,trout,Historical scientific-name abbreviation
ONC_MYKISS,Rainbow trout,Oncorhynchus mykiss,S. gardineri,abbreviation,TRUE,trout,Observed misspelling abbreviation
ONC_MYKISS,Rainbow trout,Oncorhynchus mykiss,S. gairdnerii,abbreviation,TRUE,trout,Observed spelling-variant abbreviation
ONC_MYKISS,Rainbow trout,Oncorhynchus mykiss,California trout,common,TRUE,trout,Historical/common name
ONC_TSHAWYTSCHA,Chinook salmon,Oncorhynchus tshawytscha,Chinook salmon,common,TRUE,salmon,
ONC_TSHAWYTSCHA,Chinook salmon,Oncorhynchus tshawytscha,Oncorhynchus tshawytscha,scientific,TRUE,salmon,
ONC_TSHAWYTSCHA,Chinook salmon,Oncorhynchus tshawytscha,O. tshawytscha,abbreviation,TRUE,salmon,
ONC_KISUTCH,Coho salmon,Oncorhynchus kisutch,Coho salmon,common,TRUE,salmon,
ONC_KISUTCH,Coho salmon,Oncorhynchus kisutch,Oncorhynchus kisutch,scientific,TRUE,salmon,
ONC_KISUTCH,Coho salmon,Oncorhynchus kisutch,O. kisutch,abbreviation,TRUE,salmon,
ONC_NERKA,Sockeye salmon,Oncorhynchus nerka,Sockeye salmon,common,TRUE,salmon,
ONC_NERKA,Sockeye salmon,Oncorhynchus nerka,Oncorhynchus nerka,scientific,TRUE,salmon,
ONC_NERKA,Sockeye salmon,Oncorhynchus nerka,O. nerka,abbreviation,TRUE,salmon,
ONC_KETA,Chum salmon,Oncorhynchus keta,Chum salmon,common,TRUE,salmon,
ONC_KETA,Chum salmon,Oncorhynchus keta,Oncorhynchus keta,scientific,TRUE,salmon,
ONC_KETA,Chum salmon,Oncorhynchus keta,O. keta,abbreviation,TRUE,salmon,
ONC_GORBUSCHA,Pink salmon,Oncorhynchus gorbuscha,Pink salmon,common,TRUE,salmon,
ONC_GORBUSCHA,Pink salmon,Oncorhynchus gorbuscha,Oncorhynchus gorbuscha,scientific,TRUE,salmon,
ONC_GORBUSCHA,Pink salmon,Oncorhynchus gorbuscha,O. gorbuscha,abbreviation,TRUE,salmon,
ONC_MASOU,Masu salmon,Oncorhynchus masou,Masu salmon,common,TRUE,salmon,
ONC_MASOU,Masu salmon,Oncorhynchus masou,Oncorhynchus masou,scientific,TRUE,salmon,
ONC_MASOU,Masu salmon,Oncorhynchus masou,O. masou,abbreviation,TRUE,salmon,
UNSPEC_SALMON,Unspecified species,,Salmon,generic,TRUE,salmon,Use only when species is not specified
UNSPEC_SALMON,Unspecified species,,Salmon farm,generic,TRUE,salmon,Explicit generic salmon farming context
UNSPEC_SALMON,Unspecified species,,Salmon farms,generic,TRUE,salmon,Explicit generic salmon farming context
UNSPEC_SALMON,Unspecified species,,Farmed salmon,generic,TRUE,salmon,Explicit generic salmon farming context
UNSPEC_SALMON,Unspecified species,,Salmon aquaculture,generic,TRUE,salmon,Explicit generic salmon farming context
UNSPEC_SALMON,Unspecified species,,Salmon cage,generic,TRUE,salmon,Explicit generic salmon farming context
UNSPEC_SALMON,Unspecified species,,Salmon cages,generic,TRUE,salmon,Explicit generic salmon farming context
UNSPEC_SALMON,Unspecified species,,Salmon pen,generic,TRUE,salmon,Explicit generic salmon farming context
UNSPEC_SALMON,Unspecified species,,Salmon pens,generic,TRUE,salmon,Explicit generic salmon farming context
SAL_SALAR,Atlantic salmon,Salmo salar,Baltic salmon,common,TRUE,salmon,Regional/common name
ONC_MYKISS,Rainbow trout,Oncorhynchus mykiss,arc-en-ciel,common,TRUE,trout,French/common-name usage
ONC_MYKISS,Rainbow trout,Oncorhynchus mykiss,Parasalmo mykiss,scientific,TRUE,trout,Historical/alternative scientific name
ONC_MYKISS,Rainbow trout,Oncorhynchus mykiss,Onchorhynchus mykiss,scientific,TRUE,trout,Observed misspelling of Oncorhynchus mykiss
ONC_MYKISS,Rainbow trout,Oncorhynchus mykiss,Salmo irideus,scientific,TRUE,trout,Historical scientific name
ONC_MYKISS,Rainbow trout,Oncorhynchus mykiss,S. irideus,abbreviation,TRUE,trout,Historical scientific-name abbreviation
ONC_MYKISS,Rainbow trout,Oncorhynchus mykiss,redband trout,common,TRUE,trout,Common name
ONC_KISUTCH,Coho salmon,Oncorhynchus kisutch,Onchorhynchus kisutch,scientific,TRUE,salmon,Observed misspelling of Oncorhynchus kisutch
ONC_TSHAWYTSCHA,Chinook salmon,Oncorhynchus tshawytscha,Onchorhynchus tshawytscha,scientific,TRUE,salmon,Observed misspelling of Oncorhynchus tshawytscha
ONC_TSHAWYTSCHA,Chinook salmon,Oncorhynchus tshawytscha,king salmon,common,TRUE,salmon,Common name
ONC_TSHAWYTSCHA,Chinook salmon,Oncorhynchus tshawytscha,Oncorhynchus tshaivytscha,scientific,TRUE,salmon,Observed spelling variant/misspelling
ONC_TSHAWYTSCHA,Chinook salmon,Oncorhynchus tshawytscha,Onchorhynchus tshaivytscha,scientific,TRUE,salmon,Observed spelling variant/misspelling
ONC_TSHAWYTSCHA,Chinook salmon,Oncorhynchus tshawytscha,Quinnat salmon,common,TRUE,salmon,Common name
ONC_KETA,Chum salmon,Oncorhynchus keta,Onchorhynchus keta,scientific,TRUE,salmon,Observed misspelling of Oncorhynchus keta
ONC_MASOU,Masu salmon,Oncorhynchus masou,masou salmon,common,TRUE,salmon,Common-name spelling variant
ONC_MASOU,Masu salmon,Oncorhynchus masou,Onchorhynchus masou,scientific,TRUE,salmon,Observed misspelling of Oncorhynchus masou
ONC_MASOU,Masu salmon,Oncorhynchus masou,amago,common,TRUE,salmon,Common name
ONC_MASOU,Masu salmon,Oncorhynchus masou,cherry salmon,common,TRUE,salmon,Common name
ONC_MASOU,Masu salmon,Oncorhynchus masou,yamame trout,common,TRUE,salmon,Common name
ONC_NERKA,Sockeye salmon,Oncorhynchus nerka,Onchorhynchus nerka,scientific,TRUE,salmon,Observed misspelling of Oncorhynchus nerka
ONC_NERKA,Sockeye salmon,Oncorhynchus nerka,kokanee salmon,common,TRUE,salmon,Common name
ONC_GORBUSCHA,Pink salmon,Oncorhynchus gorbuscha,Onchorhynchus gorbuscha,scientific,TRUE,salmon,Observed misspelling of Oncorhynchus gorbuscha
SAL_SALAR,Atlantic salmon,Salmo salar,landlocked salmon,common,TRUE,salmon,Established common name
SAL_SALAR,Atlantic salmon,Salmo salar,ouananiche,common,TRUE,salmon,Established common name
SAL_SALAR,Atlantic salmon,Salmo salar,unaniche,common,TRUE,salmon,Established spelling variant/common name
ONC_MYKISS,Rainbow trout,Oncorhynchus mykiss,Salmo mykiss,scientific,TRUE,trout,Historical scientific name
ONC_MYKISS,Rainbow trout,Oncorhynchus mykiss,Oncorhynchus gairdnerii,scientific,TRUE,trout,Historical scientific name
ONC_MYKISS,Rainbow trout,Oncorhynchus mykiss,Salmo iridea,scientific,TRUE,trout,Historical scientific-name variant
ONC_MYKISS,Rainbow trout,Oncorhynchus mykiss,Onchorrhychus mykiss,scientific,TRUE,trout,Observed misspelling
ONC_MYKISS,Rainbow trout,Oncorhynchus mykiss,Onchorynchus mykiss,scientific,TRUE,trout,Observed misspelling
ONC_MYKISS,Rainbow trout,Oncorhynchus mykiss,Oncorhynchus myskis,scientific,TRUE,trout,Observed misspelling
ONC_KISUTCH,Coho salmon,Oncorhynchus kisutch,silver salmon,common,TRUE,salmon,Established common name
ONC_KISUTCH,Coho salmon,Oncorhynchus kisutch,coho,common,TRUE,salmon,Established common name
ONC_TSHAWYTSCHA,Chinook salmon,Oncorhynchus tshawytscha,chinook,common,TRUE,salmon,Established common name
ONC_TSHAWYTSCHA,Chinook salmon,Oncorhynchus tshawytscha,spring salmon,common,TRUE,salmon,Established common name
ONC_TSHAWYTSCHA,Chinook salmon,Oncorhynchus tshawytscha,tyee,common,TRUE,salmon,Established common name
ONC_TSHAWYTSCHA,Chinook salmon,Oncorhynchus tshawytscha,blackmouth,common,TRUE,salmon,Established common name
ONC_KETA,Chum salmon,Oncorhynchus keta,dog salmon,common,TRUE,salmon,Established common name
ONC_KETA,Chum salmon,Oncorhynchus keta,keta salmon,common,TRUE,salmon,Established common name
ONC_KETA,Chum salmon,Oncorhynchus keta,keta,common,TRUE,salmon,Established common name
ONC_KETA,Chum salmon,Oncorhynchus keta,calico salmon,common,TRUE,salmon,Established common name
ONC_NERKA,Sockeye salmon,Oncorhynchus nerka,red salmon,common,TRUE,salmon,Established common name
ONC_NERKA,Sockeye salmon,Oncorhynchus nerka,blueback salmon,common,TRUE,salmon,Established common name
ONC_NERKA,Sockeye salmon,Oncorhynchus nerka,blue-back,common,TRUE,salmon,Established common name
ONC_NERKA,Sockeye salmon,Oncorhynchus nerka,kokanee,common,TRUE,salmon,Established common name
ONC_NERKA,Sockeye salmon,Oncorhynchus nerka,nerka,common,TRUE,salmon,Established common name
ONC_GORBUSCHA,Pink salmon,Oncorhynchus gorbuscha,humpback salmon,common,TRUE,salmon,Established common name
ONC_GORBUSCHA,Pink salmon,Oncorhynchus gorbuscha,humpy,common,TRUE,salmon,Established common name
ONC_MASOU,Masu salmon,Oncorhynchus masou,Japanese salmon,common,TRUE,salmon,Established common name
ONC_MASOU,Masu salmon,Oncorhynchus masou,honmasu,common,TRUE,salmon,Established common name
ONC_MASOU,Masu salmon,Oncorhynchus masou,sakuramasu,common,TRUE,salmon,Established common name
ONC_MASOU,Masu salmon,Oncorhynchus masou,satsukimasu,common,TRUE,salmon,Established common name
ONC_MASOU,Masu salmon,Oncorhynchus masou,yamame,common,TRUE,salmon,Established common name
ONC_MYKISS,Rainbow trout,Oncorhynchus mykiss,Oncorhynchus mykkis,scientific,TRUE,trout,Observed spelling error in W05 corpus
ONC_MYKISS,Rainbow trout,Oncorhynchus mykiss,Oncorhyncus mykiss,scientific,TRUE,trout,Observed spelling error in W05 corpus
ONC_MYKISS,Rainbow trout,Oncorhynchus mykiss,OOncorhynchus mykiss,scientific,TRUE,trout,Observed OCR/spelling error in W05 corpus
ONC_MYKISS,Rainbow trout,Oncorhynchus mykiss,Oncorhynchus mykis,scientific,TRUE,trout,Observed spelling error in W05 corpus
ONC_MYKISS,Rainbow trout,Oncorhynchus mykiss,Salmo giardneri,scientific,TRUE,trout,Observed spelling error in W05 corpus
UNSPEC_SALMON,Unspecified species,,Salmon louse,generic,TRUE,salmon,Explicit host-context rule
UNSPEC_SALMON,Unspecified species,,Salmon lice,generic,TRUE,salmon,Explicit host-context rule
UNSPEC_SALMON,Unspecified species,,salmón,generic,TRUE,salmon,Spanish generic salmon
UNSPEC_SALMON,Unspecified species,,salmones,generic,TRUE,salmon,Spanish generic salmon plural
UNSPEC_SALMON,Unspecified species,,saumon,generic,TRUE,salmon,French generic salmon
UNSPEC_SALMON,Unspecified species,,saumons,generic,TRUE,salmon,French generic salmon plural
UNSPEC_SALMON,Unspecified species,,salmão,generic,TRUE,salmon,Portuguese generic salmon
UNSPEC_SALMON,Unspecified species,,salmões,generic,TRUE,salmon,Portuguese generic salmon plural
UNSPEC_SALMON,Unspecified species,,laks,generic,TRUE,salmon,Norwegian/Danish generic salmon
UNSPEC_SALMON,Unspecified species,,lax,generic,TRUE,salmon,Swedish/Icelandic generic salmon
UNSPEC_SALMON,Unspecified species,,laxar,generic,TRUE,salmon,Swedish/Icelandic generic salmon plural
UNSPEC_SALMON,Unspecified species,,lohi,generic,TRUE,salmon,Finnish generic salmon
UNSPEC_SALMON,Unspecified species,,lohet,generic,TRUE,salmon,Finnish generic salmon plural
UNSPEC_SALMON,Unspecified species,,Lachs,generic,TRUE,salmon,German generic salmon
UNSPEC_SALMON,Unspecified species,,Lachse,generic,TRUE,salmon,German generic salmon plural
UNSPEC_SALMON,Unspecified species,,laksur,generic,TRUE,salmon,Faroese generic salmon
UNSPEC_SALMON,Unspecified species,,laksar,generic,TRUE,salmon,Faroese generic salmon plural
ONC_MYKISS,Rainbow trout,Oncorhynchus mykiss,trucha arco iris,common,TRUE,trout,Spanish rainbow trout
ONC_MYKISS,Rainbow trout,Oncorhynchus mykiss,trucha arcoíris,common,TRUE,trout,Spanish rainbow trout
ONC_MYKISS,Rainbow trout,Oncorhynchus mykiss,truite arc-en-ciel,common,TRUE,trout,French rainbow trout
ONC_MYKISS,Rainbow trout,Oncorhynchus mykiss,truite arc en ciel,common,TRUE,trout,French rainbow trout variant
ONC_MYKISS,Rainbow trout,Oncorhynchus mykiss,truta-arco-íris,common,TRUE,trout,Portuguese rainbow trout
ONC_MYKISS,Rainbow trout,Oncorhynchus mykiss,truta arco íris,common,TRUE,trout,Portuguese rainbow trout variant
ONC_MYKISS,Rainbow trout,Oncorhynchus mykiss,truta-arco-iris,common,TRUE,trout,Portuguese rainbow trout ASCII variant
ONC_MYKISS,Rainbow trout,Oncorhynchus mykiss,regnbueørret,common,TRUE,trout,Norwegian rainbow trout
ONC_MYKISS,Rainbow trout,Oncorhynchus mykiss,regnbueaure,common,TRUE,trout,Norwegian/Nynorsk rainbow trout
ONC_MYKISS,Rainbow trout,Oncorhynchus mykiss,regnbåge,common,TRUE,trout,Swedish rainbow trout
ONC_MYKISS,Rainbow trout,Oncorhynchus mykiss,regnbågslax,common,TRUE,trout,Swedish rainbow trout
ONC_MYKISS,Rainbow trout,Oncorhynchus mykiss,regnbågsöring,common,TRUE,trout,Swedish rainbow trout
ONC_MYKISS,Rainbow trout,Oncorhynchus mykiss,kirjolohi,common,TRUE,trout,Finnish rainbow trout
ONC_MYKISS,Rainbow trout,Oncorhynchus mykiss,Regenbogenforelle,common,TRUE,trout,German rainbow trout
ONC_MYKISS,Rainbow trout,Oncorhynchus mykiss,regnbueørred,common,TRUE,trout,Danish rainbow trout
ONC_MYKISS,Rainbow trout,Oncorhynchus mykiss,regnbogasilungur,common,TRUE,trout,Icelandic rainbow trout
ONC_MYKISS,Rainbow trout,Oncorhynchus mykiss,ælabogasíl,common,TRUE,trout,Faroese rainbow trout
ONC_MYKISS,Rainbow trout,Oncorhynchus mykiss,trota iridea,common,TRUE,trout,Italian rainbow trout
ONC_MYKISS,Rainbow trout,Oncorhynchus mykiss,trota arcobaleno,common,TRUE,trout,Italian rainbow trout
ONC_MYKISS,Rainbow trout,Oncorhynchus mykiss,gökkuşağı alabalığı,common,TRUE,trout,Turkish rainbow trout
ONC_MYKISS,Rainbow trout,Oncorhynchus mykiss,gokkusagi alabaligi,common,TRUE,trout,Turkish rainbow trout ASCII variant
ONC_MYKISS,Rainbow trout,Oncorhynchus mykiss,قزل آلای رنگین کمان,common,TRUE,trout,Persian/Farsi rainbow trout
ONC_MYKISS,Rainbow trout,Oncorhynchus mykiss,قزل‌آلای رنگین‌کمان,common,TRUE,trout,Persian/Farsi rainbow trout ZWNJ form
ONC_MYKISS,Rainbow trout,Oncorhynchus mykiss,قزل آلاي رنگين كمان,common,TRUE,trout,FishBase Farsi orthographic form
ONC_MYKISS,Rainbow trout,Oncorhynchus mykiss,Ghezelalla-e-Rangin Kaman,common,TRUE,trout,FishBase Farsi transliteration
ONC_MYKISS,Rainbow trout,Oncorhynchus mykiss,Qezel Ala Ranginkaman,common,TRUE,trout,FishBase Farsi transliteration
ONC_MYKISS,Rainbow trout,Oncorhynchus mykiss,تراوت قوس قزح,common,TRUE,trout,Arabic rainbow trout; FAO wording
UNSPEC_SALMON,Unspecified species,,salmoniculture,generic,TRUE,salmon,French salmon farming/aquaculture term
UNSPEC_SALMON,Unspecified species,,salmonicole,generic,TRUE,salmon,French salmon-farming adjective
UNSPEC_SALMON,Unspecified species,,salmonicultura,generic,TRUE,salmon,Spanish/Portuguese/Italian salmon farming term
