identifier_type,identifier_value,identifier_manifestations,identifier_sources,risky_pair_count,unique_risky_manifestations
doi,10.1007/978-4-431-55766-1,3,3,3,3
doi,10.1007/s10499-005-0330-2,4,4,3,4
doi,10.1016/0044-8486(74)90040-4,4,4,4,4
doi,10.1016/0044-8486(78)90109-6,4,4,4,4
doi,10.1016/j.aquaculture.2022.738352,6,6,5,6
doi,10.1016/j.aquaeng.2004.08.003,6,6,1,2
doi,10.1016/j.fsi.2013.09.031,5,5,1,2
doi,10.1016/j.jclepro.2010.07.021,4,4,3,4
doi,10.1016/j.respol.2008.08.014,5,4,3,4
doi,10.1016/s0990-7440(01)01137-8,5,5,3,4
doi,10.1051/alr:1995010,4,4,3,4
doi,10.1051/kmae/2001060,4,4,4,4
doi,10.1051/kmae:1997011,4,4,4,4
doi,10.1111/1365-2656.70111,4,4,3,4
doi,10.1111/raq.70094,4,4,3,4
doi,10.1126/science.1156578,5,4,3,4
doi,10.1215/22011919-9481440,4,4,4,4
doi,10.1525/phr.2022.91.2.249,4,4,4,4
doi,10.15381/rivep.v29i4.15196,4,4,3,4
doi,10.15381/rivep.v32i4.19425,4,4,3,4
doi,10.15381/rivep.v36i4.31285,4,4,3,4
doi,10.15832/ankutbd.990781,5,5,6,5
doi,10.1590/s0102-05362010000400008,4,4,3,4
doi,10.1590/s0103-84782009005000176,4,4,3,4
doi,10.17533/udea.rccp.e358626,4,4,4,4
doi,10.17533/udea.rccp.e359311,4,4,4,4
doi,10.21930/rcta.vol22_num2_art:1581,4,4,3,4
doi,10.3856/vol43-issue2-fulltext-12,4,4,4,4
doi,10.4067/s0301-732x2012000100009,5,5,6,5
doi,10.4067/s0718-19572015000300016,4,4,4,4
doi,10.4067/s0718-19572016000300003,4,4,4,4
doi,10.4067/s0718-19572016000300010,4,4,4,4
doi,10.4194/1303-2712-v11_3_08,6,5,7,6
doi,10.4194/1303-2712-v15_1_14,4,4,4,4
doi,10.4194/1303-2712-v15_2_03,4,4,4,4
doi,10.4194/1303-2712-v15_3_15,4,4,4,4
doi,10.4194/1303-2712-v16_3_25,5,4,5,5
doi,10.4194/1303-2712-v16_4_24,4,4,4,4
doi,10.4194/1303-2712-v17_2_17,4,4,4,4
doi,10.4194/2459-1831-v3_1_01,4,4,4,4
doi,10.4194/trjfas.2010.0312,4,4,4,4
doi,10.52973/rcfcv-e35574,4,4,3,4
doi,10.5840/enviroethics2026331113,4,4,4,4
pmid,10883303,4,4,4,4
pmid,17989866,4,4,4,4
pmid,3933221,4,4,3,4
