lens_id,historical_decision,model_decision,category,model_reason
"002-480-489-994-176","exclude","uncertain","historical_uncertain","Atlantic salmon is explicit, but the metadata only mentions a commercial diet in an experimental physiology study and does not clearly establish commercial aquaculture or production context."
"005-190-839-663-670","exclude","uncertain","historical_uncertain","Atlantic salmon is explicit, but the metadata does not establish a commercial aquaculture or farming context; “commercial importance” alone is insufficient."
"006-468-458-475-377","","uncertain","new_uncertain","Atlantic salmon and sockeye salmon are mentioned, but the record does not establish that the canned products originated from commercial aquaculture."
"008-172-445-838-490","exclude","uncertain","historical_uncertain","Coho salmon are explicitly identified and held at two hatcheries, but the metadata do not establish that these hatchery operations were commercial aquaculture rather than non-commercial or release-oriented facilities."
"008-838-977-185-062","exclude","uncertain","historical_uncertain","Rainbow trout (Oncorhynchus mykiss) is explicit and the study concerns a processed product, but the supplied metadata does not establish that the trout originated from commercial aquaculture."
"009-774-502-306-365","retain","uncertain","historical_uncertain","The study explicitly involves chum salmon in hatchery net pens, but the metadata do not establish commercial aquaculture or clarify whether the hatchery fish are solely for release or stock enhancement."
"012-887-564-608-691","exclude","uncertain","historical_uncertain","Rainbow trout and medicated-feed treatment are explicit, but the metadata do not clearly establish commercial farming or aquaculture production context."
"014-685-888-700-918","","uncertain","new_uncertain","The title identifies chum salmon and canned-product quality, but provides no evidence that the salmon originated from commercial aquaculture."
"019-103-194-592-851","exclude","uncertain","historical_uncertain","The study explicitly examines Atlantic salmon and a potential dietary feed ingredient, but the supplied metadata do not establish that the salmon or feeding context is commercial aquaculture."
"019-621-443-475-112","retain","uncertain","historical_uncertain","The study involves Chinook salmon fingerlings transferred from freshwater to seawater and notes aquaculture disease relevance, but does not clearly establish that the fish or habitats were part of commercial aquaculture."
"021-474-566-017-749","exclude","uncertain","historical_uncertain","The record identifies commercial Alaska salmon oils but does not establish an eligible salmon species or that the oils originate from commercial aquaculture rather than wild-caught salmon."
"026-601-499-779-479","retain","uncertain","historical_uncertain","The title establishes a commercial salmon industry but does not specify an eligible salmon species or clearly establish aquaculture rather than wild capture fisheries."
"031-278-700-503-815","retain","uncertain","historical_uncertain","The record identifies salmon and rainbow trout and reports intake from domestic farmed fish, but does not explicitly establish that the salmon or rainbow trout were farmed."
"045-741-191-523-470","exclude","uncertain","historical_uncertain","Rainbow trout is explicit, but experimental rearing and commercial diets do not clearly establish a commercial aquaculture or production context."
"050-555-891-854-918","","uncertain","new_uncertain","Atlantic salmon is explicit and commercial food production is described, but the metadata do not establish that the salmon originated from aquaculture."
"051-390-776-043-806","","uncertain","new_uncertain","The title identifies caged salmon but does not establish commercial aquaculture, and experimental caging alone is insufficient to confirm farming context."
"056-101-919-511-581","retain","uncertain","historical_uncertain","Rainbow trout is explicit and a commercial vaccine is tested, but the supplied metadata does not clearly establish a commercial aquaculture or farm-production context."
"058-808-216-227-527","exclude","uncertain","historical_uncertain","The record clearly concerns salmon processing and commercial production, but does not establish that the salmon was farmed or derived from aquaculture."
"061-260-719-575-205","retain","uncertain","historical_uncertain","The record explicitly concerns hatchery-reared rainbow trout and Pacific salmon in net pens, but does not establish that these facilities or fish involved commercial aquaculture rather than research or non-commercial hatchery operations."
"062-542-459-415-062","exclude","uncertain","historical_uncertain","Coho and king salmon are hatchery-reared in raceways, but the metadata do not establish commercial aquaculture or indicate whether the hatchery fish were solely for release or stock enhancement."
"063-185-266-096-898","","uncertain","new_uncertain","The contents explicitly mention a Chilean salmon-sector case study, but do not establish that it concerns commercial salmon aquaculture rather than another salmon-sector context."
"064-339-658-135-660","","uncertain","new_uncertain","The title explicitly identifies Chinook salmon and a feed-related study, but does not establish commercial aquaculture or farming context."
"073-983-619-087-671","","uncertain","new_uncertain","The title explicitly concerns forage fish use in aquaculture but does not identify an eligible salmon or rainbow trout species or establish that the aquaculture context involves them."
"081-591-903-919-524","exclude","uncertain","historical_uncertain","The record clearly concerns Chinook salmon and hatchery feeding with commercial diets, but it does not establish commercial aquaculture or distinguish production from non-commercial hatchery use."
"086-713-245-584-869","exclude","uncertain","historical_uncertain","Rainbow trout is explicitly identified and studied as a food product, but the metadata does not establish that the fish were farmed or aquaculture-derived."
"087-793-981-469-139","retain","uncertain","historical_uncertain","Atlantic salmon is explicit, but the metadata does not establish that the disease-diagnostic study concerns farmed or commercial aquaculture fish."
"089-255-452-958-417","","uncertain","new_uncertain","The record clearly concerns salmon products, but it does not establish that the salmon originated from commercial aquaculture rather than wild capture."
"089-417-360-109-548","","uncertain","new_uncertain","The title establishes an aquaculture disease focus but does not identify an eligible salmon or rainbow trout species or otherwise specify salmon aquaculture."
"095-328-008-267-267","retain","uncertain","historical_uncertain","The study explicitly involves Salmo salar and mentions relevance to aquaculture, but the supplied metadata does not establish that the cells or infection model represent commercial or farmed salmon production."
"102-009-453-153-974","","uncertain","new_uncertain","Atlantic salmon is explicit, but the record does not establish that the salmon products originated from commercial aquaculture rather than wild sources."
"112-179-449-298-446","exclude","uncertain","historical_uncertain","Chinook salmon and commercial feed are identified, but the metadata does not clearly establish a commercial aquaculture or farming context."
"117-125-568-533-347","","uncertain","new_uncertain","The title explicitly identifies rainbow trout and formalin disinfection, but the supplied metadata do not clearly establish a commercial aquaculture or farming context."
"124-378-304-334-685","","uncertain","new_uncertain","The record is explicitly about aquaculture and mentions salmonids, but no eligible salmon species or explicit salmon-farming context is identified."
"132-048-961-119-860","exclude","uncertain","historical_uncertain","Atlantic salmon (Salmo salar) is explicit, but the metadata do not establish a commercial aquaculture or farming context for the infection study."
"138-854-351-359-386","","uncertain","new_uncertain","Rainbow trout is explicitly identified, but the metadata does not establish that the fish or virus isolate came from commercial aquaculture."
"140-573-869-816-941","retain","uncertain","historical_uncertain","Atlantic salmon is explicit, and the abstract mentions residual material from fisheries and aquaculture, but does not establish that the salmon material specifically originated from commercial aquaculture."
"147-286-784-238-401","exclude","uncertain","historical_uncertain","The record explicitly concerns Atlantic salmon and frozen commercial-quality processing, but does not establish that the salmon originated from commercial aquaculture rather than wild catch."
"148-833-715-288-815","","uncertain","new_uncertain","Rainbow trout is explicitly identified, but the metadata does not clearly establish that the trout were involved in commercial aquaculture or farming."
"149-653-054-558-213","exclude","uncertain","historical_uncertain","Chinook salmon is explicitly identified, but the title does not establish commercial aquaculture and may describe experimental or hatchery rearing."
"152-077-685-584-114","exclude","uncertain","historical_uncertain","Atlantic salmon and rainbow trout are explicit, but the metadata does not clearly establish commercial aquaculture or farming context."
"152-620-595-981-37X","","uncertain","new_uncertain","Rainbow trout is explicitly identified, but the metadata do not establish that the by-products originated from commercial aquaculture or farmed fish."
"155-073-609-594-995","exclude","uncertain","historical_uncertain","The study concerns salmon fillet processing, but the supplied metadata do not establish that the salmon originated from commercial aquaculture rather than wild harvest."
"163-111-708-561-405","","uncertain","new_uncertain","Rainbow trout is explicitly identified, but the metadata do not clearly establish that the disease-prevention study concerns commercial aquaculture; “aquaculture” appears only in a cited book title."
"167-121-153-244-741","","uncertain","new_uncertain","The title establishes an aquaculture context but identifies only generic “salmonid” rather than an eligible salmon or rainbow trout species."
"173-607-744-073-064","exclude","uncertain","historical_uncertain","The record identifies eligible rainbow trout and Atlantic salmon and describes dietary and hatchery-condition experiments, but does not clearly establish commercial aquaculture rather than non-commercial hatchery rearing."
"186-496-660-779-492","","uncertain","new_uncertain","The study explicitly examines commercial salmon, establishing eligible species evidence, but the supplied metadata do not establish that the salmon is farmed or otherwise connected to commercial aquaculture."
"188-345-632-672-086","","uncertain","new_uncertain","The title identifies eligible coho salmon, but provides no explicit evidence of commercial aquaculture or farming context; darker tanks may be experimental rather than production-related."
"189-108-719-777-566","","uncertain","new_uncertain","The title identifies salmon and veterinary drug residues but does not establish that the tissue originated from commercial aquaculture."
"004-306-879-506-94X","retain","uncertain","historical_uncertain","Atlantic salmon (Salmo salar) is explicit, but the supplied metadata do not establish a commercial aquaculture or farming context."
"007-888-105-974-856","retain","uncertain","historical_uncertain","Rainbow trout (Oncorhynchus mykiss) is explicit, but the metadata do not establish a commercial aquaculture or farming context."
"012-419-028-644-472","","uncertain","new_uncertain","The title establishes aquaculture relevance but does not identify an eligible salmon or rainbow trout species, and the missing abstract provides no further eligibility evidence."
"015-300-077-919-592","exclude","uncertain","historical_uncertain","Atlantic salmon and hatchery-raised fish fed commercial salmon feed are identified, but the metadata do not establish commercial aquaculture rather than experimental or release-oriented hatchery rearing."
"015-346-686-535-088","exclude","uncertain","historical_uncertain","Rainbow trout and a private hatchery are explicit, but the metadata do not establish commercial aquaculture rather than fisheries or conservation hatchery operations."
"020-619-412-702-477","exclude","uncertain","historical_uncertain","The study concerns chum salmon eggs treated at a salmon hatchery, but the supplied metadata do not establish commercial aquaculture or distinguish production from hatchery-based release/restocking."
"027-729-467-582-945","","uncertain","new_uncertain","Rainbow trout is explicitly studied, but the metadata describes only experimental infection/injection and does not establish commercial aquaculture or production context."
"033-789-649-199-244","","uncertain","new_uncertain","The study explicitly concerns farmed/cultured salmonids in freshwater and seawater, establishing aquaculture relevance, but no eligible species is identified beyond the generic term “salmonids.”"
"037-997-096-038-441","exclude","uncertain","historical_uncertain","Atlantic salmon and sea-lice infection are explicit, but the sea-pen exposure is not clearly identified as commercial aquaculture or a salmon farm."
"072-290-819-652-550","","uncertain","new_uncertain","The title explicitly identifies Atlantic salmon and salmon louse infection, but provides no evidence that the study concerns commercial aquaculture or farmed fish."
"083-489-086-547-039","","uncertain","new_uncertain","Atlantic salmon is identified and feed toxicity is studied, but the metadata do not clearly establish a commercial aquaculture or farmed-salmon context."
"090-122-746-408-791","","uncertain","new_uncertain","Rainbow trout fry are explicitly studied, but the metadata do not establish a commercial aquaculture or farming context for the disease outbreak."
"097-037-343-559-243","exclude","uncertain","historical_uncertain","The record concerns a salmon hatchery built for Prince William Sound Aquaculture Corporation, but does not establish commercial aquaculture versus hatchery release or stock-enhancement use."
"108-365-181-898-17X","","uncertain","new_uncertain","Rainbow trout is explicit and processing is studied, but the metadata do not establish that the trout or reference products are farmed or aquaculture-derived."
"123-401-042-174-138","retain","uncertain","historical_uncertain","The record explicitly concerns the commercial Chilean salmon industry, but the supplied metadata does not clearly establish aquaculture or farming context."
"125-967-885-296-091","exclude","uncertain","historical_uncertain","The study explicitly concerns Atlantic salmon and rearing in sea pens, but the supplied metadata do not establish commercial aquaculture rather than experimental or release-related rearing."
"134-765-802-216-174","exclude","uncertain","historical_uncertain","The record concerns salmon and aquaculture but does not establish commercial production or clarify whether “salmon enhancement” refers to excluded release/restocking activities."
"149-059-928-010-696","","uncertain","new_uncertain","Rainbow trout is explicitly identified, but the supplied metadata do not establish a commercial aquaculture or farming context."
"150-542-219-809-441","exclude","uncertain","historical_uncertain","The title mentions Tasmanian smoked salmon but does not establish an eligible species or commercial aquaculture origin."
"160-889-022-557-776","exclude","uncertain","historical_uncertain","The record explicitly mentions Salmo salar and trout specimens hatched at the Salmon Ponds, but does not establish commercial aquaculture or clarify that the hatchery activity was for production rather than non-commercial purposes."
"169-214-840-976-800","exclude","uncertain","historical_uncertain","Rainbow trout fry are explicitly studied and given a commercial probiotic feed, but the metadata does not clearly establish a commercial aquaculture or farming context."
"001-843-962-496-388","retain","uncertain","historical_uncertain","Coho salmon are eligible, but introduction to seawater cages alone does not establish commercial aquaculture because the cages may be experimental."
"005-491-423-244-615","exclude","uncertain","historical_uncertain","The record concerns salmon and trout fillets but only explicitly identifies turbot as farmed, leaving commercial aquaculture context for the eligible species insufficiently established."
"015-597-913-811-676","retain","uncertain","historical_uncertain","Atlantic salmon is explicit, but the abstract only mentions aquaculture generally and does not establish that the experimental stress study concerns farmed or commercial production fish."
"019-112-700-125-020","retain","uncertain","historical_uncertain","The record concerns salmon processing but provides no explicit evidence that the salmon originated from commercial aquaculture rather than wild sources."
"022-255-360-848-447","","uncertain","new_uncertain","Rainbow trout and commercial trout food are identified, but the metadata do not clearly establish a commercial aquaculture or farm-production context."
"022-638-787-132-534","retain","uncertain","historical_uncertain","The title explicitly identifies rainbow trout (Oncorhynchus mykiss) held in cages, but provides no evidence that the caging is commercial aquaculture rather than an experimental setup."
"025-088-106-480-839","exclude","uncertain","historical_uncertain","Rainbow trout (Salmo gairdneri) is eligible, but the metadata do not clearly establish a commercial aquaculture context beyond laboratory testing and use of a commercial pellet diet."
"026-370-074-826-764","retain","uncertain","historical_uncertain","The title identifies wild salmon and farmed fish but does not establish that the farmed fish are an eligible salmon species or that the farming is salmon aquaculture."
"032-697-187-318-135","","uncertain","new_uncertain","The study explicitly concerns rainbow trout (Oncorhynchus mykiss), but the supplied metadata do not establish a commercial aquaculture or farming context."
"038-217-174-351-860","exclude","uncertain","historical_uncertain","Rainbow trout and dietary feeding are explicit, but the metadata do not clearly establish a commercial aquaculture or production context."
"047-381-883-338-950","exclude","uncertain","historical_uncertain","The study examines commercially produced fresh and cold-smoked salmon, but the supplied metadata does not establish that the salmon is farmed or of aquaculture origin."
"058-364-455-231-107","exclude","uncertain","historical_uncertain","The study explicitly concerns rainbow trout (Oncorhynchus mykiss), but the supplied metadata do not establish that the fish were farmed or studied in a commercial aquaculture context."
"064-705-074-138-89X","retain","uncertain","historical_uncertain","The record explicitly studies rainbow trout and Atlantic salmon with pathogens and vaccines, but does not establish a commercial aquaculture or farming context."
"069-605-574-922-326","exclude","uncertain","historical_uncertain","The record explicitly concerns Atlantic salmon waste and industrial processing, but does not establish that the salmon originated from commercial aquaculture."
"071-436-893-497-66X","","uncertain","new_uncertain","Rainbow trout is explicit, but the metadata do not clearly establish a commercial aquaculture or farm-production context beyond use of a commercial diet."
"075-053-053-374-170","exclude","uncertain","historical_uncertain","The title explicitly concerns salmon lice, but does not establish that the sentinel-cage study occurred in a commercial aquaculture or salmon-farming context."
"080-461-875-727-83X","","uncertain","new_uncertain","The title identifies salmon but provides no explicit evidence that the atelocollagen derives from farmed salmon or is connected to aquaculture."
"088-649-413-072-555","exclude","uncertain","historical_uncertain","Atlantic salmon and commercial smoked-product processing are explicit, but the metadata do not establish that the fillets originated from farmed aquaculture."
"097-629-299-706-54X","","uncertain","new_uncertain","Rainbow trout is explicitly identified, but the metadata do not establish a commercial aquaculture or farming context."
"106-744-238-897-416","exclude","uncertain","historical_uncertain","The title explicitly mentions salmon-safe farms, suggesting a farming context, but does not establish an eligible salmon species or clearly indicate commercial aquaculture."
"120-124-151-309-386","exclude","uncertain","historical_uncertain","The title identifies salmon products but does not establish that the salmon originated from commercial aquaculture."
"121-926-285-129-437","exclude","uncertain","historical_uncertain","The record mentions a salmon genome and commercial-interest fish transgenesis, but does not clearly establish an eligible species or commercial aquaculture/production context."
"144-706-298-108-627","retain","uncertain","historical_uncertain","Rainbow trout is explicit, but caging in a lake and imported shipments do not establish commercial aquaculture rather than experimental containment."
"145-223-156-468-889","","uncertain","new_uncertain","Rainbow trout (Oncorhynchus mykiss) is explicit, but the record does not clearly establish a commercial aquaculture or farmed-production context beyond use of commercial trout feed."
"150-463-538-824-301","exclude","uncertain","historical_uncertain","The title identifies eligible coho salmon and fish-culture pen holding, but does not establish commercial aquaculture or distinguish production from hatchery/restocking use."
"172-220-333-947-81X","exclude","uncertain","historical_uncertain","The study concerns eligible salmon products, but the supplied metadata does not establish that the salmon originated from commercial aquaculture."
"175-020-702-956-192","retain","uncertain","historical_uncertain","Rainbow trout is explicitly identified, but the record does not establish a commercial aquaculture or farming context for the spray-vaccination study."
"179-853-514-669-833","","uncertain","new_uncertain","Rainbow trout (Salmo gairdneri) is explicit, but the metadata only mentions commercial feed and does not clearly establish a commercial aquaculture or farm-production context."
"186-596-930-137-19X","exclude","uncertain","historical_uncertain","Rainbow trout is explicitly studied, but the metadata do not clearly establish a commercial aquaculture or farmed-production context beyond use of a commercial basal diet."
"191-402-243-772-418","retain","uncertain","historical_uncertain","Rainbow trout is explicitly studied and aquaculture is mentioned as a research context/keyword, but the record does not establish that the specimens or study concern commercial or farmed production."
"192-084-273-787-026","","uncertain","new_uncertain","Rainbow trout is explicit, but the title does not clearly establish commercial aquaculture and may describe an experimental pen study in shrimp ponds."
"193-560-363-386-147","","uncertain","new_uncertain","Rainbow trout is explicitly identified, but floating net-cages alone do not establish commercial aquaculture because they may be experimental containment."
"000-120-189-403-969","exclude","uncertain","historical_uncertain","Rainbow trout is explicitly studied, but the metadata does not clearly establish a commercial aquaculture or farming context beyond feeding experimental and commercial diets."
"006-213-280-652-422","exclude","uncertain","historical_uncertain","Rainbow trout is explicit and the study uses a commercially available vaccine, but the supplied metadata does not clearly establish a commercial aquaculture or farming context."
"008-117-351-540-886","","uncertain","new_uncertain","The title identifies salmon but only indicates migration, while the abstract provides generic journal-level aquaculture information and does not establish that this work concerns commercial salmon aquaculture."
"009-406-165-020-155","retain","uncertain","historical_uncertain","The title identifies salmon but provides no evidence that the salmon are farmed or that the study concerns commercial aquaculture."
"010-031-451-015-40X","exclude","uncertain","historical_uncertain","Rainbow trout is explicitly studied, but the metadata describes a dietary laboratory exposure without establishing commercial aquaculture or farm-production context."
"010-221-110-102-182","exclude","uncertain","historical_uncertain","The record mentions salmon and Taiwanese aquaculture environments, but does not establish that the salmon were farmed or that the findings specifically concern salmon aquaculture."
"010-965-496-614-173","","uncertain","new_uncertain","The record concerns furunculosis but provides no explicit eligible salmon/rainbow trout species or aquaculture context."
"013-339-992-576-496","exclude","uncertain","historical_uncertain","The record identifies eligible Atlantic salmon (Salmo salar) and commercial food processing, but does not establish that the salmon or trout products originated from aquaculture."
"014-622-630-517-093","exclude","uncertain","historical_uncertain","Rainbow trout is explicit, but the metadata does not clearly establish a commercial aquaculture or farm-production context beyond testing commercial and autogenous vaccines."
"015-799-965-366-59X","exclude","uncertain","historical_uncertain","Rainbow trout is explicit, but the record does not clearly establish a commercial aquaculture or farm-production context beyond use of a commercial vaccine."
"019-696-086-900-243","exclude","uncertain","historical_uncertain","Rainbow trout is explicit, but the metadata only mentions commercial trout pellets as a diet and does not clearly establish a commercial aquaculture or production context."
"020-293-732-104-129","retain","uncertain","historical_uncertain","The study explicitly concerns rainbow trout, but the metadata do not establish that the experimental fish were farmed or that the work involved commercial aquaculture rather than a laboratory infection experiment."
"025-327-413-867-852","exclude","uncertain","historical_uncertain","Rainbow trout is explicitly identified, but the record does not establish that the fillets or gelatin originated from commercial aquaculture."
"025-860-807-986-032","exclude","uncertain","historical_uncertain","Pink salmon is an eligible species, but the record only identifies fish held in hatchery net-pens and does not establish commercial aquaculture rather than hatchery or stock-enhancement use."
"028-454-526-090-323","","uncertain","new_uncertain","The title mentions salmon management but provides no species-specific or commercial aquaculture evidence, and the incomplete title leaves the study context unclear."
"040-481-413-791-615","exclude","uncertain","historical_uncertain","The study uses salmon protein hydrolysate and discusses fisheries/aquaculture by-products, but does not establish that the salmon material originated from commercial aquaculture."
"051-867-384-257-43X","exclude","uncertain","historical_uncertain","Rainbow trout is explicitly studied, but the metadata do not clearly establish a commercial aquaculture or farming context beyond laboratory vaccination and feeding."
"065-438-252-716-035","exclude","uncertain","historical_uncertain","Rainbow trout is explicit and the study concerns dietary requirements, commercial diets, growth, feed efficiency, and reared trout, but commercial aquaculture or farming context is not explicitly established."
"066-712-581-954-136","retain","uncertain","historical_uncertain","The study clearly concerns salmon processing, but the supplied metadata does not establish that the salmon frames originated from commercial aquaculture."
"075-862-523-571-751","exclude","uncertain","historical_uncertain","The record concerns fresh salmon and its commercial marketing chain, but does not explicitly establish that the salmon originated from aquaculture or farming."
"086-090-474-227-103","exclude","uncertain","historical_uncertain","The study explicitly examines Atlantic salmon (Salmo salar) protein, but the supplied metadata does not establish a commercial aquaculture or farmed origin."
"088-129-014-193-246","retain","uncertain","historical_uncertain","Rainbow trout is explicitly studied, but the metadata only mentions a commercial diet and does not clearly establish a commercial aquaculture or farm-production context."
"088-664-528-724-918","","uncertain","new_uncertain","Rainbow trout and a commercial diet are explicitly studied, but the metadata do not clearly establish that the fish or study involved commercial aquaculture."
"090-646-617-628-031","","uncertain","new_uncertain","Atlantic salmon is explicit, but the metadata do not establish that the processed salmon originated from commercial aquaculture rather than wild fisheries."
"092-181-627-914-459","","uncertain","new_uncertain","Rainbow trout is identified, but “commercial” alone does not establish an aquaculture or farming context."
"095-905-416-841-050","exclude","uncertain","historical_uncertain","The record concerns commercially sold salmon caviar but does not establish that the salmon originated from aquaculture rather than wild fisheries."
"096-346-975-800-43X","exclude","uncertain","historical_uncertain","Atlantic salmon is explicit and seafood co-product processing is relevant, but the metadata do not establish that the salmon was farmed or derived from commercial aquaculture."
"103-066-162-591-082","","uncertain","new_uncertain","The record establishes slaughter of farmed salmonids but does not identify an eligible species such as Atlantic salmon or rainbow trout."
"117-830-007-635-048","exclude","uncertain","historical_uncertain","Coho salmon is explicitly studied, but the metadata only mentions a commercial fish diet and does not establish a commercial aquaculture or farming context."
"118-535-363-981-03X","retain","uncertain","historical_uncertain","The title explicitly identifies rainbow trout (Oncorhynchus mykiss), but the supplied metadata do not establish a commercial aquaculture or farming context."
"144-661-017-341-400","","uncertain","new_uncertain","Rainbow trout are explicitly mentioned, but the metadata does not clearly establish commercial aquaculture rather than general disease management, stocking, or hatchery contexts."
"149-614-505-105-298","","uncertain","new_uncertain","Rainbow trout is explicitly identified, but the supplied metadata do not establish a commercial aquaculture or farming context."
"153-934-366-504-754","retain","uncertain","historical_uncertain","Rainbow trout is explicitly identified and the study uses cages and diets, but the metadata does not establish that these are commercial aquaculture or production conditions rather than an experimental cage study."
"154-415-819-144-758","","uncertain","new_uncertain","Rainbow trout (Oncorhynchus mykiss) is studied and aquaculture is discussed as a major market source, but the metadata do not explicitly establish that the trout fillets were farmed or aquaculture-derived."
"156-192-896-003-104","","uncertain","new_uncertain","The abstract explicitly mentions a kinetic-dynamic model in salmon, but does not establish that the salmon are farmed or that the study concerns commercial aquaculture."
"182-766-753-824-565","retain","uncertain","historical_uncertain","Atlantic salmon is explicit, but the title does not establish whether the caged fish are in commercial aquaculture rather than an experimental setting."
"190-131-127-534-158","exclude","uncertain","historical_uncertain","The record mentions salmon fin clips and salmon breeding programs, but does not establish that these involve commercial or farmed aquaculture rather than another breeding context."
"001-521-261-117-320","","uncertain","new_uncertain","The record explicitly mentions salmon and the aquaculture industry, but does not establish that the tested salmon products were farmed or that the intervention concerns commercial salmon aquaculture."
"006-568-203-155-943","exclude","uncertain","historical_uncertain","The title explicitly identifies salmon and florfenicol quantification, but the supplied metadata do not establish that the salmon or drug use concerns commercial aquaculture."
"014-304-582-289-458","exclude","uncertain","historical_uncertain","The title establishes salmon/steelhead relevance but does not clearly establish commercial aquaculture, and “farm” may not refer to fish farming."
"018-273-500-741-938","","uncertain","new_uncertain","Rainbow trout and Atlantic salmon are explicitly studied, but the metadata do not clearly establish a commercial aquaculture or farming context beyond mentioning commercial fish species."
"023-335-863-688-269","retain","uncertain","historical_uncertain","Rainbow trout is explicit, but the Trout Research and Multiplication Centre is not clearly identified as a commercial aquaculture facility rather than a hatchery or research centre."
"025-763-067-881-213","exclude","uncertain","historical_uncertain","Atlantic salmon is explicit, but the metadata do not establish a commercial aquaculture or farmed-production context for the semen study."
"033-006-258-452-069","","uncertain","new_uncertain","Rainbow trout is explicitly studied, but the metadata do not clearly establish a commercial aquaculture or farming context."
"038-087-948-541-252","","uncertain","new_uncertain","The title identifies eligible coho salmon, but the supplied metadata do not establish a commercial aquaculture or farming context."
"045-107-467-925-801","retain","uncertain","historical_uncertain","Atlantic salmon are explicitly identified, but “caged” alone does not establish commercial aquaculture rather than experimental containment."
"045-439-335-140-341","retain","uncertain","historical_uncertain","The title explicitly mentions salmon and farms in the Northwest but does not establish that the farms are commercial salmon aquaculture operations rather than agricultural farms."
"049-518-967-962-109","exclude","uncertain","historical_uncertain","Rainbow trout is explicit, but the feeding trial and commercial diets do not clearly establish a commercial aquaculture or farm-production context."
"056-575-367-834-335","exclude","uncertain","historical_uncertain","Atlantic salmon is explicit, but the metadata does not clearly establish commercial aquaculture relevance beyond a vague reference to “river farmers.”"
"075-229-409-500-26X","","uncertain","new_uncertain","Rainbow trout (Oncorhynchus mykiss) is explicit, but the supplied metadata do not establish a commercial aquaculture or farming context."
"101-793-380-665-754","retain","uncertain","historical_uncertain","The study explicitly involves Chinook salmon eggs and hatchery incubation in an aquaculture-focused journal, but the supplied metadata does not establish commercial aquaculture rather than conservation or release hatchery use."
"107-635-764-744-640","","uncertain","new_uncertain","The record concerns salmon fillets and commercial color assessment, but it does not specify an eligible salmon species or establish farmed/aquaculture origin."
"117-942-320-819-376","","uncertain","new_uncertain","The record explicitly concerns Atlantic salmon and vaccine development, but the supplied metadata do not establish a commercial aquaculture or farming context."
"129-869-178-724-612","","uncertain","new_uncertain","Atlantic salmon is explicit, but aquaculture is mentioned only as general background and the study does not establish that the cells or research concern commercial farmed salmon."
"130-324-955-578-847","exclude","uncertain","historical_uncertain","The study explicitly examines chum salmon (Oncorhynchus keta) held in salmon hatchery storage/breeder cages, but the metadata do not establish commercial aquaculture rather than hatchery-based release or enhancement."
"142-276-875-914-435","","uncertain","new_uncertain","Rainbow trout is explicitly studied, but the metadata do not clearly establish that the processed fish originated from commercial aquaculture rather than merely being processed at a university farm facility."
"145-085-246-368-31X","exclude","uncertain","historical_uncertain","Rainbow trout is explicitly identified, but obtaining fish from a local commercial hatchery does not clearly establish commercial aquaculture relevance for this exposure experiment."
"149-614-653-373-016","","uncertain","new_uncertain","Rainbow trout is explicitly identified, but the supplied metadata do not establish a commercial aquaculture or farming context."
"154-099-301-088-606","retain","uncertain","historical_uncertain","Rainbow trout are explicit, but the study describes hatchery rearing without establishing commercial aquaculture or excluding non-commercial stocking/release purposes."
"166-063-967-837-694","","uncertain","new_uncertain","Aquaculture context is explicit through recirculating production facilities and trout feed, but the study identifies the fish only as “amber trout”/“trout” without establishing that they are eligible rainbow trout."
"177-354-762-789-86X","","uncertain","new_uncertain","Rainbow trout is explicitly identified, but the supplied metadata do not establish a commercial aquaculture or production context."
"189-753-028-890-350","","uncertain","new_uncertain","The title explicitly concerns aquaculture in Canada but does not identify Atlantic salmon, Pacific salmon, rainbow trout, or an explicit salmon-farming context."
"194-469-827-439-366","exclude","uncertain","historical_uncertain","Chum salmon is explicitly identified, but the title does not establish that the fish or virus monitoring concerns commercial aquaculture; “aquaculture” appears only as a broad poster-session topic."
"198-644-675-475-528","exclude","uncertain","historical_uncertain","Atlantic salmon are explicit, but holding them in cages alone does not establish commercial aquaculture rather than an experimental containment study."
"012-408-331-611-290","retain","uncertain","historical_uncertain","Rainbow trout (Oncorhynchus mykiss) is identified and studied as a commercialized food product, but the metadata do not establish farmed or aquaculture origin."
"015-981-521-985-18X","retain","uncertain","historical_uncertain","Chinook salmon is explicit, but the metadata do not establish a commercial aquaculture setting for the experimentally reared fry; aquaculture is mentioned only as a general context for disease losses."
"021-098-143-344-901","retain","uncertain","historical_uncertain","Atlantic salmon and a production-relevant dietary requirement are identified, but the supplied metadata do not explicitly establish a commercial aquaculture or farming context."
"021-383-295-456-024","exclude","uncertain","historical_uncertain","The study includes salmon species and farmed, farm-fed fish, but does not establish that the salmon fillets specifically were aquaculture-derived."
"024-083-204-032-117","retain","uncertain","historical_uncertain","Chinook salmon is explicit and fish were reared and studied for performance and composition, but the metadata does not clearly establish commercial aquaculture or farm-production context."
"028-317-174-421-377","","uncertain","new_uncertain","The study concerns tank-reared steelhead trout (a rainbow trout synonym), but the supplied metadata does not establish commercial aquaculture rather than experimental or hatchery rearing."
"028-385-429-795-050","retain","uncertain","historical_uncertain","Rainbow trout and an experimental feeding/growth trial are explicit, but the metadata does not establish commercial aquaculture or farmed production beyond experimental cages and raceways."
"033-811-323-921-83X","retain","uncertain","historical_uncertain","Atlantic salmon were reared in marine net-pen facilities, but the metadata do not establish commercial aquaculture or clarify whether this was stock-enhancement/release rather than an experimental or production setting."
"036-391-426-790-183","","uncertain","new_uncertain","Rainbow trout is explicitly identified, but the dissertation does not establish a commercial aquaculture or farming context."
"045-992-982-474-093","retain","uncertain","historical_uncertain","Eligible Atlantic salmon and rainbow trout are identified, but the metadata does not clearly establish a commercial aquaculture or farm-production context beyond fish movement and equipment routes."
"049-266-082-732-471","exclude","uncertain","historical_uncertain","The study concerns rainbow trout (Salmo gairdnerii, a historical synonym) and dietary feeding, but the supplied metadata do not clearly establish a commercial aquaculture or production context."
"055-831-986-642-002","exclude","uncertain","historical_uncertain","Rainbow trout are explicitly studied in hatchery raceways and tanks, but the metadata does not establish commercial aquaculture or exclude a solely hatchery/release context."
"055-982-304-798-017","exclude","uncertain","historical_uncertain","The record explicitly identifies eligible species and commercial fish products, but does not establish that the fish originated from aquaculture rather than wild fisheries."
"060-218-680-677-734","","uncertain","new_uncertain","Atlantic salmon is explicitly studied, but the metadata describes commercial processing without establishing that the salmon products originated from aquaculture."
"070-314-486-448-930","exclude","uncertain","historical_uncertain","The study explicitly examines Atlantic salmon freshness, but the metadata do not establish that the salmon were farmed or that the work concerns commercial aquaculture."
"078-082-805-135-984","exclude","uncertain","historical_uncertain","Atlantic salmon (Salmo salar) is explicit, but the metadata do not establish that the fish were farmed or that the study concerned commercial aquaculture."
"080-779-057-259-835","exclude","uncertain","historical_uncertain","Rainbow trout is explicitly studied, but the metadata describes commercial processing without establishing that the trout were farmed or derived from aquaculture."
"090-163-091-645-411","exclude","uncertain","historical_uncertain","The record clearly concerns eligible chum salmon and hatcheries, but it does not establish whether the hatchery production is commercial aquaculture or stock-enhancement/release activity."
"090-674-500-962-026","retain","uncertain","historical_uncertain","Atlantic salmon is explicitly studied, including cage-reared fish, but the metadata do not establish that the cage rearing was commercial aquaculture rather than experimental containment."
"104-609-786-732-52X","","uncertain","new_uncertain","Rainbow trout are explicit, but the record does not establish that the experimental fish or feeding study concerns commercial aquaculture."
"105-461-326-012-044","retain","uncertain","historical_uncertain","The study explicitly examines Atlantic salmon (Salmo salar), but the supplied metadata do not establish a commercial aquaculture or farming context."
"122-309-181-804-701","","uncertain","new_uncertain","Coho salmon is explicitly identified, but the abstract only generically mentions aquaculture and focuses on hatchery practices without clearly establishing commercial aquaculture production."
"145-252-607-495-759","exclude","uncertain","historical_uncertain","Atlantic salmon is explicitly studied, and the thesis concerns farmed fish, but the metadata do not establish that the salmon fillets or experiments derive from commercial aquaculture."
"158-869-118-584-197","retain","uncertain","historical_uncertain","Rainbow trout is explicitly identified, but the supplied metadata do not establish a commercial aquaculture or farming context."
"160-970-373-321-122","exclude","uncertain","historical_uncertain","The record explicitly mentions salmon biotechnology, but the supplied metadata do not establish commercial aquaculture or farming relevance."
"172-804-654-924-36X","","uncertain","new_uncertain","Pink salmon are explicitly bred in commercial volumes at salmon hatcheries, but the record does not clarify whether this is commercial aquaculture or hatchery production for stock enhancement/release."
"188-796-962-394-675","","uncertain","new_uncertain","The record clearly concerns salmon products and industrial seafood processing, but does not establish that the salmon are farmed or of aquaculture origin."
"191-006-358-896-694","retain","uncertain","historical_uncertain","The record concerns eligible chum salmon raised and fed at salmon fish-breeding farms, but does not establish commercial aquaculture versus hatchery production for release or stock enhancement."
"199-883-456-370-907","","uncertain","new_uncertain","Rainbow trout is explicitly studied, but the metadata do not establish a commercial aquaculture or farming context."
"016-094-691-428-04X","retain","uncertain","historical_uncertain","Atlantic salmon is explicit, but the metadata do not establish that the studied Norwegian and Iraqi populations are farmed or connected to commercial aquaculture beyond general claims about informing sustainable aquaculture."
"018-340-115-013-376","retain","uncertain","historical_uncertain","The abstract clearly concerns aquaculture production surveillance and control, but it does not explicitly identify an eligible salmon or rainbow trout species, and ISA terminology alone cannot establish the species."
"022-523-282-858-807","","uncertain","new_uncertain","Rainbow trout are explicitly studied, but the metadata does not clearly establish a commercial aquaculture or production context beyond use of a commercial diet."
"027-414-154-027-434","exclude","uncertain","historical_uncertain","Salmon is explicit, but the metadata does not clearly establish that the backbones originated from commercial farmed salmon, despite HAVBRUK2 funding."
"029-658-447-750-275","exclude","uncertain","historical_uncertain","The study explicitly involves Atlantic salmon, Chinook salmon cells, and rainbow trout assay components, but the supplied metadata do not establish a commercial aquaculture or production context."
"032-440-672-723-878","exclude","uncertain","historical_uncertain","The record explicitly identifies Atlantic salmon (Salmo salar) and commercially produced smoked product, but does not establish that the salmon originated from aquaculture rather than wild capture."
"035-071-418-098-809","exclude","uncertain","historical_uncertain","Rainbow trout is eligible, but the metadata do not clearly establish a commercial aquaculture or farm-production context."
"078-784-991-720-322","retain","uncertain","historical_uncertain","Chinook salmon are explicit, but the metadata does not clearly establish commercial aquaculture or farming context beyond vaccine testing."
"103-369-588-061-503","exclude","uncertain","historical_uncertain","The record concerns salmon products and mentions farm-raised seafood, but does not establish that the three analyzed salmon products originated from commercial aquaculture."
"131-119-481-046-235","","uncertain","new_uncertain","The record establishes aquaculture development in Nova Scotia but does not identify an eligible salmon or rainbow trout species or explicitly mention salmon farming."
"135-424-954-764-63X","exclude","uncertain","historical_uncertain","Rainbow trout is explicitly studied and vaccination is production-related, but the metadata does not establish a commercial aquaculture or farming context."
"138-166-487-127-219","exclude","uncertain","historical_uncertain","Coho salmon is explicitly identified, but aquaculture appears only as a general example of a potential application and the study itself is not clearly connected to farming or commercial production."
"145-510-307-248-229","","uncertain","new_uncertain","Rainbow trout is explicitly identified, but the title does not clearly establish a commercial aquaculture or farming context beyond referring to commercially important traits."
"151-176-426-050-617","retain","uncertain","historical_uncertain","Atlantic salmon is explicit, but the record does not establish a commercial aquaculture or farming context; seawater adaptation and commercial importance alone are insufficient."
"188-003-867-990-919","retain","uncertain","historical_uncertain","Rainbow trout is explicit, but aquaculture is mentioned only as a general application and the study does not establish that samples or testing were connected to commercial production."
"000-901-204-332-436","","uncertain","new_uncertain","Rainbow trout is explicit, but the record does not clearly establish a commercial aquaculture or production setting beyond use of a commercial diet."
"003-067-049-979-017","","uncertain","new_uncertain","The record mentions rainbow trout and salmon and references on-farm welfare assessment, but as an editorial collection it does not clearly establish that the work itself concerns commercial aquaculture."
"009-823-001-152-140","","uncertain","new_uncertain","Rainbow trout is explicitly studied, but the metadata only states rearing on a commercial fish diet and does not clearly establish commercial aquaculture or production context."
"009-996-598-777-180","exclude","uncertain","historical_uncertain","The record explicitly studies rainbow trout (Oncorhynchus mykiss) oil for food/pharmaceutical products, but does not establish that the trout or oil originated from commercial aquaculture."
"012-091-475-315-359","exclude","uncertain","historical_uncertain","Rainbow trout is explicitly included, but the survey covers mixed hatchery, private, reservation, and research transport without clearly establishing commercial aquaculture production."
"012-415-557-603-088","retain","uncertain","historical_uncertain","The study concerns eligible rainbow trout (steelhead, Oncorhynchus mykiss), lumpfish, and sea lice in cages, but the metadata does not establish commercial aquaculture beyond an experimental-scale cage study."
"017-161-379-427-943","retain","uncertain","historical_uncertain","The record concerns salmon sensory deterioration, and mentions farmed Atlantic salmon only in a cited reference, but does not establish that the studied salmon were farmed or commercially aquacultured."
"019-660-949-327-979","","uncertain","new_uncertain","Rainbow trout is explicitly identified, but the metadata does not establish that the fish or commercial dry pellets are connected to aquaculture production."
"020-971-939-102-518","exclude","uncertain","historical_uncertain","Rainbow trout is explicit, but the record does not establish a commercial aquaculture or farm-production context."
"029-735-165-575-399","retain","uncertain","historical_uncertain","Rainbow trout (Oncorhynchus mykiss) is explicitly studied, but the metadata do not establish a commercial aquaculture or farming context."
"032-896-190-750-959","exclude","uncertain","historical_uncertain","The record mentions salmon and trout hatcheries and disease treatment, but does not establish that these are commercial aquaculture operations rather than non-commercial hatchery settings."
"036-742-566-131-181","exclude","uncertain","historical_uncertain","Rainbow trout are explicit, but the record only establishes use at a national fish hatchery and does not clarify commercial aquaculture versus hatchery production for release or other purposes."
"038-480-265-509-828","retain","uncertain","historical_uncertain","The study explicitly examines Atlantic salmon and experimental SAV transmission, but the supplied metadata do not establish a commercial aquaculture or farm-production context."
"039-236-597-533-906","","uncertain","new_uncertain","The title establishes farmed salmonids and a salmon-related aquaculture context, but identifies only the generic group “salmonids,” not an eligible salmon or rainbow trout species."
"039-713-140-722-757","","uncertain","new_uncertain","The title establishes a salmon market study but does not provide sufficient evidence that it concerns farmed or commercial aquaculture salmon."
"050-993-943-271-483","retain","uncertain","historical_uncertain","Rainbow trout is explicit, but the record does not establish that the commercially hauled fish originated from aquaculture rather than another production context."
"052-419-203-833-328","exclude","uncertain","historical_uncertain","The study explicitly examines Atlantic salmon fillets and commercial smoked products, but the metadata does not establish that the salmon were farmed or aquaculture-derived."
"053-909-121-510-312","retain","uncertain","historical_uncertain","The record explicitly concerns Atlantic salmon (Salmo salar) and its pathogen, but does not establish a commercial aquaculture or farming context."
"061-114-459-929-648","retain","uncertain","historical_uncertain","Atlantic salmon (Salmo salar) is studied, but the supplied metadata explicitly identifies only the tilapia as farmed and does not establish an aquaculture context for the salmon isolate."
"066-975-310-539-269","exclude","uncertain","historical_uncertain","The study analyzes salmon seafood packages and mentions aquaculture generally, but does not establish that the salmon products are farmed or aquaculture-derived."
"070-393-133-486-091","exclude","uncertain","historical_uncertain","The record concerns eligible fall Chinook salmon and pen rearing, but does not establish commercial aquaculture or distinguish production from hatchery/release purposes."
"082-391-536-220-390","retain","uncertain","historical_uncertain","The record explicitly concerns salmon and drug-residue monitoring in export processing plants, but does not establish that the salmon are farmed or that the processing is linked to commercial aquaculture."
"086-103-939-826-828","exclude","uncertain","historical_uncertain","Chinook salmon is an eligible species and the study concerns antimicrobial treatment and residue monitoring, but the supplied metadata do not explicitly establish a commercial aquaculture or farmed-production context."
"087-462-378-992-498","","uncertain","new_uncertain","Rainbow trout is explicitly studied, but the metadata do not establish that the cell-line infection research concerns commercial aquaculture or farmed production."
"109-105-899-394-486","exclude","uncertain","historical_uncertain","The study explicitly examines Salmo salar and fish processing, but the supplied metadata do not establish that the salmon is farmed or of aquaculture origin."
"115-965-028-658-367","","uncertain","new_uncertain","The record concerns salmon smoking oil and salmon waste, but does not establish that the salmon originated from commercial aquaculture."
"133-510-899-579-869","retain","uncertain","historical_uncertain","The abstract reports a toxic algal bloom killing caged salmon, but does not establish that the salmon were in commercial aquaculture rather than experimental cages."
"158-507-905-366-828","retain","uncertain","historical_uncertain","Rainbow trout is explicitly identified and cage growth is described, but the metadata does not establish that the cages are part of commercial aquaculture rather than an experimental holding context."
"159-390-339-046-511","exclude","uncertain","historical_uncertain","Rainbow trout (Salmo gairdneri) is explicit, but the record does not clearly establish a commercial aquaculture or farm-production context beyond use of a commercial diet."
"178-173-638-093-623","retain","uncertain","historical_uncertain","Rainbow trout (Oncorhynchus mykiss) is explicitly identified, but the record provides no evidence that the fish were farmed or studied in a commercial aquaculture context."
"188-012-929-587-856","","uncertain","new_uncertain","The record concerns the Norwegian salmon industry but does not explicitly establish an aquaculture or farming context."
"195-907-209-974-496","exclude","uncertain","historical_uncertain","Rainbow trout (Oncorhynchus mykiss) is explicit, but the metadata describe a feeding experiment without clearly establishing commercial aquaculture or farm production context."
