words_for_include,words_for_exclude
Atlantic salmon,hatchery
Salmo salar,hatchery-reared
S. salar,restocking
Scottish salmon,stock enhancement
Norwegian salmon,population supplementation
Baltic salmon,population enhancement
landlocked salmon,conservation release
ouananiche,sport fishery
unaniche,sport fisheries
Rainbow trout,sport fishing
Oncorhynchus mykiss,recreational fishery
O. mykiss,recreational fisheries
Steelhead,recreational fishing
Steelhead trout,sea ranching
Salmo gairdneri,ocean ranching
Salmo gardineri,
Salmo gairdnerii,
S. gairdneri,
S. gardineri,
S. gairdnerii,
California trout,
arc-en-ciel,
Parasalmo mykiss,
Onchorhynchus mykiss,
Salmo irideus,
S. irideus,
redband trout,
Salmo mykiss,
Oncorhynchus gairdnerii,
Salmo iridea,
Onchorrhychus mykiss,
Onchorynchus mykiss,
Oncorhynchus myskis,
Oncorhynchus mykkis,
Oncorhyncus mykiss,
OOncorhynchus mykiss,
Oncorhynchus mykis,
Salmo giardneri,
trucha arco iris,
trucha arcoíris,
truite arc-en-ciel,
truite arc en ciel,
truta-arco-íris,
truta arco íris,
truta-arco-iris,
regnbueørret,
regnbueaure,
regnbåge,
regnbågslax,
regnbågsöring,
kirjolohi,
Regenbogenforelle,
regnbueørred,
regnbogasilungur,
ælabogasíl,
trota iridea,
trota arcobaleno,
gökkuşağı alabalığı,
gokkusagi alabaligi,
قزل آلای رنگین کمان,
قزل‌آلای رنگین‌کمان,
قزل آلاي رنگين كمان,
Ghezelalla-e-Rangin Kaman,
Qezel Ala Ranginkaman,
تراوت قوس قزح,
Chinook salmon,
Oncorhynchus tshawytscha,
O. tshawytscha,
Onchorhynchus tshawytscha,
king salmon,
Oncorhynchus tshaivytscha,
Onchorhynchus tshaivytscha,
Quinnat salmon,
chinook,
tyee,
blackmouth,
Coho salmon,
Oncorhynchus kisutch,
O. kisutch,
Onchorhynchus kisutch,
silver salmon,
coho,
Sockeye salmon,
Oncorhynchus nerka,
O. nerka,
Onchorhynchus nerka,
kokanee salmon,
red salmon,
blueback salmon,
blue-back,
kokanee,
nerka,
Chum salmon,
Oncorhynchus keta,
O. keta,
Onchorhynchus keta,
dog salmon,
keta salmon,
keta,
calico salmon,
Pink salmon,
Oncorhynchus gorbuscha,
O. gorbuscha,
Onchorhynchus gorbuscha,
humpback salmon,
humpy,
Masu salmon,
Oncorhynchus masou,
O. masou,
masou salmon,
Onchorhynchus masou,
amago,
cherry salmon,
yamame trout,
Japanese salmon,
honmasu,
sakuramasu,
satsukimasu,
yamame,
Salmon,
Salmons,
Salmon farm,
Salmon farms,
Farmed salmon,
Salmon aquaculture,
Salmon cage,
Salmon cages,
Salmon pen,
Salmon pens,
Salmon louse,
Salmon lice,
salmón,
salmones,
saumon,
saumons,
salmão,
salmões,
laks,
lax,
laxar,
lohi,
lohet,
Lachs,
Lachse,
laksur,
laksar,
salmoniculture,
salmonicole,
salmonicultura,
farmed,
farm,
farming,
aquaculture,
mariculture,
cage,
pen,
salmonid,
salmonids,
salmonidae,
Salmo,
Oncorhynchus,
farms,
farmer,
farmers,
cages,
caged,
caging,
pens,
penned,
aquacultures,
aquacultural,
aquacultured,
aquaculturing,
aquaculturist,
aquaculturists,
commercial,
commercials,
commercially,
commerciality,
commercialisation,
commercialization,
commercialise,
commercialize,
commercialised,
commercialized,
commercialising,
commercializing,
