record_id,title,conflict_type,final_coding,status,rationale
056-749-018-332-932,"Identification and genetic characterization of Saprolegnia parasitica, isolated from farmed and wild fish in Finland","Role only","V3_121=PRIMARY; V3_123=SECONDARY","agreed","Both role allocations were acceptable; prefer epidemiology as primary and diagnosis/detection as secondary."
123-404-554-291-067,"Evaluation of different dietary protein sources on tissue growth and metabolism of rainbow trout","Pathway inclusion","V3_096=PRIMARY; V3_112=SECONDARY; V3_113=SECONDARY","agreed","Growth and metabolism are explicit substantive outcomes, not incidental measurements. Prefer Pass A."
099-035-316-344-435,"Growth of farmed blue mussels (Mytilus edulis L.) in a Norwegian coastal area; comparison of food proxies by DEB modeling","Mixed","V3_110=PRIMARY; V3_043=PRIMARY; V3_005=PRIMARY; V3_020=SECONDARY","agreed","Ontology re-audit: V3_005 remains PRIMARY because release/fate/effects of salmon feed and faecal waste are a central study objective; V3_110 and V3_043 are also PRIMARY; V3_020 SECONDARY; exclude V3_044."
002-142-200-779-757,"Changes in the EPA and DHA content and lipids quality parameters of rainbow trout at individual stages of hot smoking","Role only","V3_072=PRIMARY; V3_078=PRIMARY","agreed","EPA/DHA and lipid-quality changes are an explicit co-primary object of the smoking study. Prefer Pass A."
032-215-431-747-456,"Pathology of amoebic gill disease in Atlantic Salmon (Salmo salar L.)","Pathway inclusion","V3_120=PRIMARY; V3_114=SECONDARY; V3_123=SECONDARY; V3_132=SECONDARY","agreed","Ontology re-audit: disease pathology remains PRIMARY; anatomy/tissues is SECONDARY because lesion morphology and histopathological tissue changes are substantive objectives, not incidental sampling; diagnosis/detection and water/ocean conditions remain SECONDARY."
097-530-935-361-045,"Salmon mortalities associated with a bloom of Alexandrium fundyense in 2003 in the Bay of Fundy, and subsequent early warning approaches for industry","Pathway inclusion","V3_133=PRIMARY; V3_129=SECONDARY; V3_019=SECONDARY","agreed","Mortality is a substantive consequence of the bloom and motivates the monitoring programme. Prefer Pass B."
032-384-942-689-849,"MODELLING ANIMAL SYSTEMS PAPER Adaptation of a non-ruminant nutrient-based growth model to rainbow trout","Pathway inclusion","V3_049=PRIMARY","agreed","Growth and physiology are modelled/validation outcomes; methodological development is the principal contribution. Prefer Pass A."
033-811-323-921-83X,"Marine growth and morphometrics for three populations of Atlantic salmon from Eastern Maine, USA","Role only","V3_112=PRIMARY; V3_114=PRIMARY","agreed","Growth and morphology are both explicit substantive study objectives. Prefer Pass A; Pass B is a low-cost role difference."
142-901-874-742-548,"Cuidando la Patagonia Azul: Prácticas y estrategias de los pueblos originarios para curar las zonas marinas del sur de Chile","Mixed","V3_062=PRIMARY; V3_056=PRIMARY; V3_067=SECONDARY","agreed","Indigenous rights/governance and livelihoods are central; Indigenous knowledge is a substantive secondary theme. Neither pass alone was complete."
038-353-098-644-720,"Atypical Aeromonas salmonicida vapA type V and Vibrio spp. are predominant bacteria recovered from ballan wrasse Labrus bergylta in Scotland","Pathway inclusion","V3_121=PRIMARY; V3_123=SECONDARY","agreed","Epidemiology is the primary contribution; bacterial identification/characterisation is independently substantive and secondary. Prefer Pass B."
153-602-671-418-851,"Sensitive and rapid detection of infectious pancreatic necrosis virus by reverse transcription loop mediated isothermal amplification","Role only","V3_046=PRIMARY; V3_123=PRIMARY","agreed","Method development/validation and IPNV diagnosis/detection are both central contributions. Prefer Pass A; low-cost role disagreement."
021-344-006-899-928,"Life Cycle Considerations for Improving Sustainability Assessments in Seafood Awareness Campaigns","Pathway inclusion","V3_004=PRIMARY; V3_001=SECONDARY; V3_034=SECONDARY","agreed","Life-cycle/environmental assessment is primary; broad environmental impacts and certification/standards are substantive secondary themes. Exclude V3_087 because consumer response to labels is not itself investigated. Prefer Pass B."
119-850-003-348-077,"The Effects of Chilean Coho Salmon and Rainbow Trout Aquaculture on Markets for Alaskan Sockeye Salmon","Pathway inclusion","V3_028=PRIMARY; V3_025=SECONDARY","agreed","Supply, demand and prices are the primary focus; revenues/earnings are explicit modelled outcomes and therefore substantively secondary. Prefer Pass A."
106-264-889-658-256,"Replacement of fish meal with a matrix of organic plant proteins in organic trout (Oncorhynchus mykiss) feed, and the effects on nutrient utilization and fish performance","Mixed","V3_096=PRIMARY; V3_100=PRIMARY; V3_112=SECONDARY; V3_005=SECONDARY","agreed","Alternative feed ingredients and nutrient utilisation are co-primary; growth is substantive secondary; nitrogen/phosphorus outputs are independently substantive environmental outputs. Prefer Pass B."
128-953-506-234-897,"Salmon farming and the environment of the Huon Estuary, Tasmania","Pathway inclusion","","needs_more_information","No abstract or DOI available. Do not assign topics from title alone; retrieve abstract/full text before adjudicating V3_001 versus no assignment."
071-178-447-768-395,"A New Single Nucleotide Polymorphism Database for North American Atlantic Salmon Generated Through Whole Genome Resequencing","Pathway inclusion","","needs_more_information","No abstract available in the benchmark data. Do not assign V3_051 from title alone; retrieve abstract/full text before adjudication."
111-629-308-735-12X,"Big Fish: Valuation of the World’s Largest Salmon Farming Companies","Mixed","V3_027=PRIMARY; V3_023=SECONDARY","agreed","Pass B best aligns with the ontology: economic valuation is the central appraisal question (V3_027 PRIMARY), and companies are substantive units of analysis (V3_023 SECONDARY). Exclude V3_024 because commercial strategy/business decision-making is not the substantive focus."
116-524-842-809-804,"Effects of two pressed and extruded foods on the pigmentation of the flesh and filleting yield of rainbow trout (Oncorhynchus mykiss)","Mixed","V3_074=PRIMARY; V3_075=PRIMARY; V3_097=SECONDARY; V3_101=SECONDARY; V3_112=SECONDARY","agreed","Ontology-first adjudication: preserve shared V3_074, V3_075 and V3_101. V3_097 is substantive but secondary because pigment additives are deliberately tested within whole feed formulations; V3_112 is substantive secondary because growth is explicitly compared; exclude V3_098 because the study does not define nutrient requirements or optimise feed formulation."
046-421-608-410-126,"Simulation models of finfish farms","Mixed","V3_049=PRIMARY; V3_005=SECONDARY; V3_009=SECONDARY; V3_010=SECONDARY","agreed","Ontology-first adjudication: V3_049 is the central methodological contribution; waste, benthic impacts and water quality are substantive secondary modelled domains. Exclude V3_001 because the ontology directs use of specific environmental pathways when identifiable rather than the broad general-environment code."\n