doi,openalex_id,workflow_name,workflow_run_id,workflow_run_url,run_number,zenodo_record_id,zenodo_record_url,zenodo_version_doi,zenodo_concept_doi,zenodo_archive_filename,status,notes
10.3390/biology11010130,W4205942496,OpenAlex full-text download,32954157932,https://github.com/thesalmonandthetomato/LivingEvidenceMap/actions/runs/32954157932,,22109515,https://zenodo.org/deposit/22109515,,,LivingEvidenceMap_fulltext_batch_006_run-32954157932.zip,deposited,OpenAlex batch 6; grobid_xml; source file W4205942496.tei.xml
10.1242/jeb.244099,W4292871483,OpenAlex full-text download,32954157932,https://github.com/thesalmonandthetomato/LivingEvidenceMap/actions/runs/32954157932,,22109515,https://zenodo.org/deposit/22109515,,,LivingEvidenceMap_fulltext_batch_006_run-32954157932.zip,deposited,OpenAlex batch 6; grobid_xml; source file W4292871483.tei.xml
10.1016/j.fsi.2019.12.070,W2994978724,OpenAlex full-text download,32954157932,https://github.com/thesalmonandthetomato/LivingEvidenceMap/actions/runs/32954157932,,22109515,https://zenodo.org/deposit/22109515,,,LivingEvidenceMap_fulltext_batch_006_run-32954157932.zip,deposited,OpenAlex batch 6; grobid_xml; source file W2994978724.tei.xml
10.1017/s0031182017000622,W2613463612,OpenAlex full-text download,32954157932,https://github.com/thesalmonandthetomato/LivingEvidenceMap/actions/runs/32954157932,,22109515,https://zenodo.org/deposit/22109515,,,LivingEvidenceMap_fulltext_batch_006_run-32954157932.zip,deposited,OpenAlex batch 6; grobid_xml; source file W2613463612.tei.xml
10.1016/j.fsi.2016.08.049,W2514061847,OpenAlex full-text download,32954157932,https://github.com/thesalmonandthetomato/LivingEvidenceMap/actions/runs/32954157932,,22109515,https://zenodo.org/deposit/22109515,,,LivingEvidenceMap_fulltext_batch_006_run-32954157932.zip,deposited,OpenAlex batch 6; grobid_xml; source file W2514061847.tei.xml
10.1016/j.fsi.2018.07.017,W2883993574,OpenAlex full-text download,32954157932,https://github.com/thesalmonandthetomato/LivingEvidenceMap/actions/runs/32954157932,,22109515,https://zenodo.org/deposit/22109515,,,LivingEvidenceMap_fulltext_batch_006_run-32954157932.zip,deposited,OpenAlex batch 6; grobid_xml; source file W2883993574.tei.xml
10.22004/ag.econ.204287,W2198688497,OpenAlex full-text download,32954157932,https://github.com/thesalmonandthetomato/LivingEvidenceMap/actions/runs/32954157932,,22109515,https://zenodo.org/deposit/22109515,,,LivingEvidenceMap_fulltext_batch_006_run-32954157932.zip,deposited,OpenAlex batch 6; grobid_xml; source file W2198688497.tei.xml
10.3389/fimmu.2023.1041325,W4320918245,OpenAlex full-text download,32954157932,https://github.com/thesalmonandthetomato/LivingEvidenceMap/actions/runs/32954157932,,22109515,https://zenodo.org/deposit/22109515,,,LivingEvidenceMap_fulltext_batch_006_run-32954157932.zip,deposited,OpenAlex batch 6; grobid_xml; source file W4320918245.tei.xml
10.14288/1.0368695,W2809884829,OpenAlex full-text download,32954157932,https://github.com/thesalmonandthetomato/LivingEvidenceMap/actions/runs/32954157932,,22109515,https://zenodo.org/deposit/22109515,,,LivingEvidenceMap_fulltext_batch_006_run-32954157932.zip,deposited,OpenAlex batch 6; grobid_xml; source file W2809884829.tei.xml
10.3354/aei00074,W2322414376,OpenAlex full-text download,32954157932,https://github.com/thesalmonandthetomato/LivingEvidenceMap/actions/runs/32954157932,,22109515,https://zenodo.org/deposit/22109515,,,LivingEvidenceMap_fulltext_batch_006_run-32954157932.zip,deposited,OpenAlex batch 6; grobid_xml; source file W2322414376.tei.xml
10.3354/aei00104,W2319238703,OpenAlex full-text download,32954157932,https://github.com/thesalmonandthetomato/LivingEvidenceMap/actions/runs/32954157932,,22109515,https://zenodo.org/deposit/22109515,,,LivingEvidenceMap_fulltext_batch_006_run-32954157932.zip,deposited,OpenAlex batch 6; grobid_xml; source file W2319238703.tei.xml
10.1016/j.vaccine.2015.03.093,W2062963211,OpenAlex full-text download,32954157932,https://github.com/thesalmonandthetomato/LivingEvidenceMap/actions/runs/32954157932,,22109515,https://zenodo.org/deposit/22109515,,,LivingEvidenceMap_fulltext_batch_006_run-32954157932.zip,deposited,OpenAlex batch 6; grobid_xml; source file W2062963211.tei.xml
10.1080/00288330.1990.9516437,W2052766118,OpenAlex full-text download,32954157932,https://github.com/thesalmonandthetomato/LivingEvidenceMap/actions/runs/32954157932,,22109515,https://zenodo.org/deposit/22109515,,,LivingEvidenceMap_fulltext_batch_006_run-32954157932.zip,deposited,OpenAlex batch 6; grobid_xml; source file W2052766118.tei.xml
10.3390/jmse8030207,W3010673710,OpenAlex full-text download,32954157932,https://github.com/thesalmonandthetomato/LivingEvidenceMap/actions/runs/32954157932,,22109515,https://zenodo.org/deposit/22109515,,,LivingEvidenceMap_fulltext_batch_006_run-32954157932.zip,deposited,OpenAlex batch 6; grobid_xml; source file W3010673710.tei.xml
10.1371/journal.ppat.1011386,W4381715102,OpenAlex full-text download,32954157932,https://github.com/thesalmonandthetomato/LivingEvidenceMap/actions/runs/32954157932,,22109515,https://zenodo.org/deposit/22109515,,,LivingEvidenceMap_fulltext_batch_006_run-32954157932.zip,deposited,OpenAlex batch 6; grobid_xml; source file W4381715102.tei.xml
10.3390/pathogens12030436,W4323846307,OpenAlex full-text download,32954157932,https://github.com/thesalmonandthetomato/LivingEvidenceMap/actions/runs/32954157932,,22109515,https://zenodo.org/deposit/22109515,,,LivingEvidenceMap_fulltext_batch_006_run-32954157932.zip,deposited,OpenAlex batch 6; grobid_xml; source file W4323846307.tei.xml
10.21203/rs.2.9137/v1,W4250949495,OpenAlex full-text download,32954157932,https://github.com/thesalmonandthetomato/LivingEvidenceMap/actions/runs/32954157932,,22109515,https://zenodo.org/deposit/22109515,,,LivingEvidenceMap_fulltext_batch_006_run-32954157932.zip,deposited,OpenAlex batch 6; grobid_xml; source file W4250949495.tei.xml
10.3390/su16093629,W4395665901,OpenAlex full-text download,32954157932,https://github.com/thesalmonandthetomato/LivingEvidenceMap/actions/runs/32954157932,,22109515,https://zenodo.org/deposit/22109515,,,LivingEvidenceMap_fulltext_batch_006_run-32954157932.zip,deposited,OpenAlex batch 6; grobid_xml; source file W4395665901.tei.xml
10.3354/aei00243,W2754296803,OpenAlex full-text download,32954157932,https://github.com/thesalmonandthetomato/LivingEvidenceMap/actions/runs/32954157932,,22109515,https://zenodo.org/deposit/22109515,,,LivingEvidenceMap_fulltext_batch_006_run-32954157932.zip,deposited,OpenAlex batch 6; grobid_xml; source file W2754296803.tei.xml
10.21083/surg.v11i0.4656,W2932224295,OpenAlex full-text download,32954157932,https://github.com/thesalmonandthetomato/LivingEvidenceMap/actions/runs/32954157932,,22109515,https://zenodo.org/deposit/22109515,,,LivingEvidenceMap_fulltext_batch_006_run-32954157932.zip,deposited,OpenAlex batch 6; grobid_xml; source file W2932224295.tei.xml
10.1111/raq.12338,W2944174469,OpenAlex full-text download,32954157932,https://github.com/thesalmonandthetomato/LivingEvidenceMap/actions/runs/32954157932,,22109515,https://zenodo.org/deposit/22109515,,,LivingEvidenceMap_fulltext_batch_006_run-32954157932.zip,deposited,OpenAlex batch 6; grobid_xml; source file W2944174469.tei.xml
10.1101/2020.07.17.209767,W3043207348,OpenAlex full-text download,32954157932,https://github.com/thesalmonandthetomato/LivingEvidenceMap/actions/runs/32954157932,,22109515,https://zenodo.org/deposit/22109515,,,LivingEvidenceMap_fulltext_batch_006_run-32954157932.zip,deposited,OpenAlex batch 6; grobid_xml; source file W3043207348.tei.xml
10.1016/j.aquaculture.2021.736772,W3153990926,OpenAlex full-text download,32954157932,https://github.com/thesalmonandthetomato/LivingEvidenceMap/actions/runs/32954157932,,22109515,https://zenodo.org/deposit/22109515,,,LivingEvidenceMap_fulltext_batch_006_run-32954157932.zip,deposited,OpenAlex batch 6; grobid_xml; source file W3153990926.tei.xml
10.3389/fimmu.2024.1408168,W4402886931,OpenAlex full-text download,32954157932,https://github.com/thesalmonandthetomato/LivingEvidenceMap/actions/runs/32954157932,,22109515,https://zenodo.org/deposit/22109515,,,LivingEvidenceMap_fulltext_batch_006_run-32954157932.zip,deposited,OpenAlex batch 6; grobid_xml; source file W4402886931.tei.xml
10.1016/j.jclepro.2014.09.021,W1968253681,OpenAlex full-text download,32954157932,https://github.com/thesalmonandthetomato/LivingEvidenceMap/actions/runs/32954157932,,22109515,https://zenodo.org/deposit/22109515,,,LivingEvidenceMap_fulltext_batch_006_run-32954157932.zip,deposited,OpenAlex batch 6; grobid_xml; source file W1968253681.tei.xml
10.1016/j.aqrep.2022.101156,W4280524220,OpenAlex full-text download,32954157932,https://github.com/thesalmonandthetomato/LivingEvidenceMap/actions/runs/32954157932,,22109515,https://zenodo.org/deposit/22109515,,,LivingEvidenceMap_fulltext_batch_006_run-32954157932.zip,deposited,OpenAlex batch 6; grobid_xml; source file W4280524220.tei.xml
10.1016/j.ecoenv.2020.110452,W3012547282,OpenAlex full-text download,32954157932,https://github.com/thesalmonandthetomato/LivingEvidenceMap/actions/runs/32954157932,,22109515,https://zenodo.org/deposit/22109515,,,LivingEvidenceMap_fulltext_batch_006_run-32954157932.zip,deposited,OpenAlex batch 6; grobid_xml; source file W3012547282.tei.xml
10.3389/fsufs.2023.1158953,W4385069559,OpenAlex full-text download,32954157932,https://github.com/thesalmonandthetomato/LivingEvidenceMap/actions/runs/32954157932,,22109515,https://zenodo.org/deposit/22109515,,,LivingEvidenceMap_fulltext_batch_006_run-32954157932.zip,deposited,OpenAlex batch 6; grobid_xml; source file W4385069559.tei.xml
10.3354/aei00021,W2329670316,OpenAlex full-text download,32954157932,https://github.com/thesalmonandthetomato/LivingEvidenceMap/actions/runs/32954157932,,22109515,https://zenodo.org/deposit/22109515,,,LivingEvidenceMap_fulltext_batch_006_run-32954157932.zip,deposited,OpenAlex batch 6; grobid_xml; source file W2329670316.tei.xml
10.1007/s10068-016-0228-y,W2548717741,OpenAlex full-text download,32954157932,https://github.com/thesalmonandthetomato/LivingEvidenceMap/actions/runs/32954157932,,22109515,https://zenodo.org/deposit/22109515,,,LivingEvidenceMap_fulltext_batch_006_run-32954157932.zip,deposited,OpenAlex batch 6; grobid_xml; source file W2548717741.tei.xml
10.1023/a:1008189312167,W4232584612,OpenAlex full-text download,32954157932,https://github.com/thesalmonandthetomato/LivingEvidenceMap/actions/runs/32954157932,,22109515,https://zenodo.org/deposit/22109515,,,LivingEvidenceMap_fulltext_batch_006_run-32954157932.zip,deposited,OpenAlex batch 6; grobid_xml; source file W4232584612.tei.xml
10.3390/fermentation9020094,W4317743368,OpenAlex full-text download,32954157932,https://github.com/thesalmonandthetomato/LivingEvidenceMap/actions/runs/32954157932,,22109515,https://zenodo.org/deposit/22109515,,,LivingEvidenceMap_fulltext_batch_006_run-32954157932.zip,deposited,OpenAlex batch 6; grobid_xml; source file W4317743368.tei.xml
10.3390/ani11123404,W3217457274,OpenAlex full-text download,32954157932,https://github.com/thesalmonandthetomato/LivingEvidenceMap/actions/runs/32954157932,,22109515,https://zenodo.org/deposit/22109515,,,LivingEvidenceMap_fulltext_batch_006_run-32954157932.zip,deposited,OpenAlex batch 6; grobid_xml; source file W3217457274.tei.xml
10.3390/v13122428,W4200098487,OpenAlex full-text download,32954157932,https://github.com/thesalmonandthetomato/LivingEvidenceMap/actions/runs/32954157932,,22109515,https://zenodo.org/deposit/22109515,,,LivingEvidenceMap_fulltext_batch_006_run-32954157932.zip,deposited,OpenAlex batch 6; grobid_xml; source file W4200098487.tei.xml
10.2458/v20i1.21747,W2782224065,OpenAlex full-text download,32954157932,https://github.com/thesalmonandthetomato/LivingEvidenceMap/actions/runs/32954157932,,22109515,https://zenodo.org/deposit/22109515,,,LivingEvidenceMap_fulltext_batch_006_run-32954157932.zip,deposited,OpenAlex batch 6; grobid_xml; source file W2782224065.tei.xml
10.3390/vaccines10030473,W4221094935,OpenAlex full-text download,32954157932,https://github.com/thesalmonandthetomato/LivingEvidenceMap/actions/runs/32954157932,,22109515,https://zenodo.org/deposit/22109515,,,LivingEvidenceMap_fulltext_batch_006_run-32954157932.zip,deposited,OpenAlex batch 6; grobid_xml; source file W4221094935.tei.xml
10.1371/journal.pone.0164475,W2535749208,OpenAlex full-text download,32954157932,https://github.com/thesalmonandthetomato/LivingEvidenceMap/actions/runs/32954157932,,22109515,https://zenodo.org/deposit/22109515,,,LivingEvidenceMap_fulltext_batch_006_run-32954157932.zip,deposited,OpenAlex batch 6; grobid_xml; source file W2535749208.tei.xml
10.1371/journal.pone.0184490,W2753086934,OpenAlex full-text download,32954157932,https://github.com/thesalmonandthetomato/LivingEvidenceMap/actions/runs/32954157932,,22109515,https://zenodo.org/deposit/22109515,,,LivingEvidenceMap_fulltext_batch_006_run-32954157932.zip,deposited,OpenAlex batch 6; grobid_xml; source file W2753086934.tei.xml
10.1101/288761,W2794922375,OpenAlex full-text download,32954157932,https://github.com/thesalmonandthetomato/LivingEvidenceMap/actions/runs/32954157932,,22109515,https://zenodo.org/deposit/22109515,,,LivingEvidenceMap_fulltext_batch_006_run-32954157932.zip,deposited,OpenAlex batch 6; grobid_xml; source file W2794922375.tei.xml
10.2298/abs190402040c,W2958695809,OpenAlex full-text download,32954157932,https://github.com/thesalmonandthetomato/LivingEvidenceMap/actions/runs/32954157932,,22109515,https://zenodo.org/deposit/22109515,,,LivingEvidenceMap_fulltext_batch_006_run-32954157932.zip,deposited,OpenAlex batch 6; grobid_xml; source file W2958695809.tei.xml
10.1038/s41598-021-96476-4,W3194088785,OpenAlex full-text download,32954157932,https://github.com/thesalmonandthetomato/LivingEvidenceMap/actions/runs/32954157932,,22109515,https://zenodo.org/deposit/22109515,,,LivingEvidenceMap_fulltext_batch_006_run-32954157932.zip,deposited,OpenAlex batch 6; grobid_xml; source file W3194088785.tei.xml
10.1017/s0007114517001842,W2738964916,OpenAlex full-text download,32954157932,https://github.com/thesalmonandthetomato/LivingEvidenceMap/actions/runs/32954157932,,22109515,https://zenodo.org/deposit/22109515,,,LivingEvidenceMap_fulltext_batch_006_run-32954157932.zip,deposited,OpenAlex batch 6; grobid_xml; source file W2738964916.tei.xml
10.3389/fvets.2023.1253151,W4387366350,OpenAlex full-text download,32954157932,https://github.com/thesalmonandthetomato/LivingEvidenceMap/actions/runs/32954157932,,22109515,https://zenodo.org/deposit/22109515,,,LivingEvidenceMap_fulltext_batch_006_run-32954157932.zip,deposited,OpenAlex batch 6; grobid_xml; source file W4387366350.tei.xml
10.3945/jn.112.161497,W2139100011,OpenAlex full-text download,32954157932,https://github.com/thesalmonandthetomato/LivingEvidenceMap/actions/runs/32954157932,,22109515,https://zenodo.org/deposit/22109515,,,LivingEvidenceMap_fulltext_batch_006_run-32954157932.zip,deposited,OpenAlex batch 6; grobid_xml; source file W2139100011.tei.xml
10.1111/jwas.12979,W4366768268,OpenAlex full-text download,32954157932,https://github.com/thesalmonandthetomato/LivingEvidenceMap/actions/runs/32954157932,,22109515,https://zenodo.org/deposit/22109515,,,LivingEvidenceMap_fulltext_batch_006_run-32954157932.zip,deposited,OpenAlex batch 6; grobid_xml; source file W4366768268.tei.xml
10.1186/1753-6561-8-s4-o31,W2015489224,OpenAlex full-text download,32954157932,https://github.com/thesalmonandthetomato/LivingEvidenceMap/actions/runs/32954157932,,22109515,https://zenodo.org/deposit/22109515,,,LivingEvidenceMap_fulltext_batch_006_run-32954157932.zip,deposited,OpenAlex batch 6; grobid_xml; source file W2015489224.tei.xml
10.1186/s12866-021-02374-0,W3213544253,OpenAlex full-text download,32954157932,https://github.com/thesalmonandthetomato/LivingEvidenceMap/actions/runs/32954157932,,22109515,https://zenodo.org/deposit/22109515,,,LivingEvidenceMap_fulltext_batch_006_run-32954157932.zip,deposited,OpenAlex batch 6; grobid_xml; source file W3213544253.tei.xml
10.1186/s12917-024-04125-5,W4401229417,OpenAlex full-text download,32954157932,https://github.com/thesalmonandthetomato/LivingEvidenceMap/actions/runs/32954157932,,22109515,https://zenodo.org/deposit/22109515,,,LivingEvidenceMap_fulltext_batch_006_run-32954157932.zip,deposited,OpenAlex batch 6; grobid_xml; source file W4401229417.tei.xml
10.1111/eva.13255,W3161087799,OpenAlex full-text download,32954157932,https://github.com/thesalmonandthetomato/LivingEvidenceMap/actions/runs/32954157932,,22109515,https://zenodo.org/deposit/22109515,,,LivingEvidenceMap_fulltext_batch_006_run-32954157932.zip,deposited,OpenAlex batch 6; grobid_xml; source file W3161087799.tei.xml
10.1093/icesjms/fsac202,W4311014537,OpenAlex full-text download,32954157932,https://github.com/thesalmonandthetomato/LivingEvidenceMap/actions/runs/32954157932,,22109515,https://zenodo.org/deposit/22109515,,,LivingEvidenceMap_fulltext_batch_006_run-32954157932.zip,deposited,OpenAlex batch 6; grobid_xml; source file W4311014537.tei.xml
10.1038/s41598-023-43345-x,W4387617042,OpenAlex full-text download,32954157932,https://github.com/thesalmonandthetomato/LivingEvidenceMap/actions/runs/32954157932,,22109515,https://zenodo.org/deposit/22109515,,,LivingEvidenceMap_fulltext_batch_006_run-32954157932.zip,deposited,OpenAlex batch 6; grobid_xml; source file W4387617042.tei.xml
10.15835/buasvmcn-asb:10788,W2088834744,OpenAlex full-text download,32954157932,https://github.com/thesalmonandthetomato/LivingEvidenceMap/actions/runs/32954157932,,22109515,https://zenodo.org/deposit/22109515,,,LivingEvidenceMap_fulltext_batch_006_run-32954157932.zip,deposited,OpenAlex batch 6; grobid_xml; source file W2088834744.tei.xml
10.15835/buasvmcn-asb:10789,W2058470569,OpenAlex full-text download,32954157932,https://github.com/thesalmonandthetomato/LivingEvidenceMap/actions/runs/32954157932,,22109515,https://zenodo.org/deposit/22109515,,,LivingEvidenceMap_fulltext_batch_006_run-32954157932.zip,deposited,OpenAlex batch 6; grobid_xml; source file W2058470569.tei.xml
10.1111/jfd.13821,W4380422122,OpenAlex full-text download,32954157932,https://github.com/thesalmonandthetomato/LivingEvidenceMap/actions/runs/32954157932,,22109515,https://zenodo.org/deposit/22109515,,,LivingEvidenceMap_fulltext_batch_006_run-32954157932.zip,deposited,OpenAlex batch 6; grobid_xml; source file W4380422122.tei.xml
10.1002/bse.3762,W4393986118,OpenAlex full-text download,32954157932,https://github.com/thesalmonandthetomato/LivingEvidenceMap/actions/runs/32954157932,,22109515,https://zenodo.org/deposit/22109515,,,LivingEvidenceMap_fulltext_batch_006_run-32954157932.zip,deposited,OpenAlex batch 6; grobid_xml; source file W4393986118.tei.xml
10.2174/1874331501819010251,W2900960028,OpenAlex full-text download,32954157932,https://github.com/thesalmonandthetomato/LivingEvidenceMap/actions/runs/32954157932,,22109515,https://zenodo.org/deposit/22109515,,,LivingEvidenceMap_fulltext_batch_006_run-32954157932.zip,deposited,OpenAlex batch 6; grobid_xml; source file W2900960028.tei.xml
10.3390/vaccines9020163,W3130525097,OpenAlex full-text download,32954157932,https://github.com/thesalmonandthetomato/LivingEvidenceMap/actions/runs/32954157932,,22109515,https://zenodo.org/deposit/22109515,,,LivingEvidenceMap_fulltext_batch_006_run-32954157932.zip,deposited,OpenAlex batch 6; grobid_xml; source file W3130525097.tei.xml
10.1016/j.jafr.2020.100056,W3038521266,OpenAlex full-text download,32954157932,https://github.com/thesalmonandthetomato/LivingEvidenceMap/actions/runs/32954157932,,22109515,https://zenodo.org/deposit/22109515,,,LivingEvidenceMap_fulltext_batch_006_run-32954157932.zip,deposited,OpenAlex batch 6; grobid_xml; source file W3038521266.tei.xml
10.1371/journal.pone.0205347,W2896574520,OpenAlex full-text download,32954157932,https://github.com/thesalmonandthetomato/LivingEvidenceMap/actions/runs/32954157932,,22109515,https://zenodo.org/deposit/22109515,,,LivingEvidenceMap_fulltext_batch_006_run-32954157932.zip,deposited,OpenAlex batch 6; grobid_xml; source file W2896574520.tei.xml
10.1186/1297-9716-42-47,W2117887182,OpenAlex full-text download,32954157932,https://github.com/thesalmonandthetomato/LivingEvidenceMap/actions/runs/32954157932,,22109515,https://zenodo.org/deposit/22109515,,,LivingEvidenceMap_fulltext_batch_006_run-32954157932.zip,deposited,OpenAlex batch 6; grobid_xml; source file W2117887182.tei.xml
10.1101/297747,W2797251179,OpenAlex full-text download,32954157932,https://github.com/thesalmonandthetomato/LivingEvidenceMap/actions/runs/32954157932,,22109515,https://zenodo.org/deposit/22109515,,,LivingEvidenceMap_fulltext_batch_006_run-32954157932.zip,deposited,OpenAlex batch 6; grobid_xml; source file W2797251179.tei.xml
10.3390/microorganisms7120698,W2996064337,OpenAlex full-text download,32954157932,https://github.com/thesalmonandthetomato/LivingEvidenceMap/actions/runs/32954157932,,22109515,https://zenodo.org/deposit/22109515,,,LivingEvidenceMap_fulltext_batch_006_run-32954157932.zip,deposited,OpenAlex batch 6; grobid_xml; source file W2996064337.tei.xml
10.3390/antibiotics10091051,W3197888622,OpenAlex full-text download,32954157932,https://github.com/thesalmonandthetomato/LivingEvidenceMap/actions/runs/32954157932,,22109515,https://zenodo.org/deposit/22109515,,,LivingEvidenceMap_fulltext_batch_006_run-32954157932.zip,deposited,OpenAlex batch 6; grobid_xml; source file W3197888622.tei.xml
10.1111/j.1365-2664.2010.01887.x,W2095649830,OpenAlex full-text download,32954157932,https://github.com/thesalmonandthetomato/LivingEvidenceMap/actions/runs/32954157932,,22109515,https://zenodo.org/deposit/22109515,,,LivingEvidenceMap_fulltext_batch_006_run-32954157932.zip,deposited,OpenAlex batch 6; grobid_xml; source file W2095649830.tei.xml
10.1111/j.1752-4571.2011.00189.x,W1578441938,OpenAlex full-text download,32954157932,https://github.com/thesalmonandthetomato/LivingEvidenceMap/actions/runs/32954157932,,22109515,https://zenodo.org/deposit/22109515,,,LivingEvidenceMap_fulltext_batch_006_run-32954157932.zip,deposited,OpenAlex batch 6; grobid_xml; source file W1578441938.tei.xml
10.3389/fmicb.2017.01255,W2734856937,OpenAlex full-text download,32954157932,https://github.com/thesalmonandthetomato/LivingEvidenceMap/actions/runs/32954157932,,22109515,https://zenodo.org/deposit/22109515,,,LivingEvidenceMap_fulltext_batch_006_run-32954157932.zip,deposited,OpenAlex batch 6; grobid_xml; source file W2734856937.tei.xml
10.1002/aff2.142,W4389068401,OpenAlex full-text download,32954157932,https://github.com/thesalmonandthetomato/LivingEvidenceMap/actions/runs/32954157932,,22109515,https://zenodo.org/deposit/22109515,,,LivingEvidenceMap_fulltext_batch_006_run-32954157932.zip,deposited,OpenAlex batch 6; grobid_xml; source file W4389068401.tei.xml
10.3354/dao064037,W2078897205,OpenAlex full-text download,32954157932,https://github.com/thesalmonandthetomato/LivingEvidenceMap/actions/runs/32954157932,,22109515,https://zenodo.org/deposit/22109515,,,LivingEvidenceMap_fulltext_batch_006_run-32954157932.zip,deposited,OpenAlex batch 6; grobid_xml; source file W2078897205.tei.xml
10.1371/journal.ppat.1004402,W2058233441,OpenAlex full-text download,32954157932,https://github.com/thesalmonandthetomato/LivingEvidenceMap/actions/runs/32954157932,,22109515,https://zenodo.org/deposit/22109515,,,LivingEvidenceMap_fulltext_batch_006_run-32954157932.zip,deposited,OpenAlex batch 6; grobid_xml; source file W2058233441.tei.xml
10.3389/fimmu.2021.693613,W3182541861,OpenAlex full-text download,32954157932,https://github.com/thesalmonandthetomato/LivingEvidenceMap/actions/runs/32954157932,,22109515,https://zenodo.org/deposit/22109515,,,LivingEvidenceMap_fulltext_batch_006_run-32954157932.zip,deposited,OpenAlex batch 6; grobid_xml; source file W3182541861.tei.xml
10.1101/079459,W2529316808,OpenAlex full-text download,32954157932,https://github.com/thesalmonandthetomato/LivingEvidenceMap/actions/runs/32954157932,,22109515,https://zenodo.org/deposit/22109515,,,LivingEvidenceMap_fulltext_batch_006_run-32954157932.zip,deposited,OpenAlex batch 6; grobid_xml; source file W2529316808.tei.xml
10.1186/s12711-017-0291-8,W2585769723,OpenAlex full-text download,32954157932,https://github.com/thesalmonandthetomato/LivingEvidenceMap/actions/runs/32954157932,,22109515,https://zenodo.org/deposit/22109515,,,LivingEvidenceMap_fulltext_batch_006_run-32954157932.zip,deposited,OpenAlex batch 6; grobid_xml; source file W2585769723.tei.xml
10.1186/s12864-015-2038-7,W2148396262,OpenAlex full-text download,32954157932,https://github.com/thesalmonandthetomato/LivingEvidenceMap/actions/runs/32954157932,,22109515,https://zenodo.org/deposit/22109515,,,LivingEvidenceMap_fulltext_batch_006_run-32954157932.zip,deposited,OpenAlex batch 6; grobid_xml; source file W2148396262.tei.xml
10.3390/ani13182845,W4386525169,OpenAlex full-text download,32954157932,https://github.com/thesalmonandthetomato/LivingEvidenceMap/actions/runs/32954157932,,22109515,https://zenodo.org/deposit/22109515,,,LivingEvidenceMap_fulltext_batch_006_run-32954157932.zip,deposited,OpenAlex batch 6; grobid_xml; source file W4386525169.tei.xml
10.3390/antibiotics10070847,W3182817393,OpenAlex full-text download,32954157932,https://github.com/thesalmonandthetomato/LivingEvidenceMap/actions/runs/32954157932,,22109515,https://zenodo.org/deposit/22109515,,,LivingEvidenceMap_fulltext_batch_006_run-32954157932.zip,deposited,OpenAlex batch 6; grobid_xml; source file W3182817393.tei.xml
10.3389/fmicb.2017.02462,W2771688400,OpenAlex full-text download,32954157932,https://github.com/thesalmonandthetomato/LivingEvidenceMap/actions/runs/32954157932,,22109515,https://zenodo.org/deposit/22109515,,,LivingEvidenceMap_fulltext_batch_006_run-32954157932.zip,deposited,OpenAlex batch 6; grobid_xml; source file W2771688400.tei.xml
10.3390/ani13243845,W4389742333,OpenAlex full-text download,32954157932,https://github.com/thesalmonandthetomato/LivingEvidenceMap/actions/runs/32954157932,,22109515,https://zenodo.org/deposit/22109515,,,LivingEvidenceMap_fulltext_batch_006_run-32954157932.zip,deposited,OpenAlex batch 6; grobid_xml; source file W4389742333.tei.xml
10.1111/jfd.13488,W3173310841,OpenAlex full-text download,32954157932,https://github.com/thesalmonandthetomato/LivingEvidenceMap/actions/runs/32954157932,,22109515,https://zenodo.org/deposit/22109515,,,LivingEvidenceMap_fulltext_batch_006_run-32954157932.zip,deposited,OpenAlex batch 6; grobid_xml; source file W3173310841.tei.xml
10.1007/s12525-022-00552-0,W4281255497,OpenAlex full-text download,32954157932,https://github.com/thesalmonandthetomato/LivingEvidenceMap/actions/runs/32954157932,,22109515,https://zenodo.org/deposit/22109515,,,LivingEvidenceMap_fulltext_batch_006_run-32954157932.zip,deposited,OpenAlex batch 6; grobid_xml; source file W4281255497.tei.xml
10.1006/jmsc.1997.0360,W2101614590,OpenAlex full-text download,32954157932,https://github.com/thesalmonandthetomato/LivingEvidenceMap/actions/runs/32954157932,,22109515,https://zenodo.org/deposit/22109515,,,LivingEvidenceMap_fulltext_batch_006_run-32954157932.zip,deposited,OpenAlex batch 6; grobid_xml; source file W2101614590.tei.xml
10.1079/bjn19770103,W2165335797,OpenAlex full-text download,32954157932,https://github.com/thesalmonandthetomato/LivingEvidenceMap/actions/runs/32954157932,,22109515,https://zenodo.org/deposit/22109515,,,LivingEvidenceMap_fulltext_batch_006_run-32954157932.zip,deposited,OpenAlex batch 6; grobid_xml; source file W2165335797.tei.xml
10.1002/ecs2.2040,W2781275729,OpenAlex full-text download,32954157932,https://github.com/thesalmonandthetomato/LivingEvidenceMap/actions/runs/32954157932,,22109515,https://zenodo.org/deposit/22109515,,,LivingEvidenceMap_fulltext_batch_006_run-32954157932.zip,deposited,OpenAlex batch 6; grobid_xml; source file W2781275729.tei.xml
10.3389/fmicb.2020.01430,W3037796174,OpenAlex full-text download,32954157932,https://github.com/thesalmonandthetomato/LivingEvidenceMap/actions/runs/32954157932,,22109515,https://zenodo.org/deposit/22109515,,,LivingEvidenceMap_fulltext_batch_006_run-32954157932.zip,deposited,OpenAlex batch 6; grobid_xml; source file W3037796174.tei.xml
10.1016/j.aquaculture.2004.05.036,W2170327823,OpenAlex full-text download,32954157932,https://github.com/thesalmonandthetomato/LivingEvidenceMap/actions/runs/32954157932,,22109515,https://zenodo.org/deposit/22109515,,,LivingEvidenceMap_fulltext_batch_006_run-32954157932.zip,deposited,OpenAlex batch 6; grobid_xml; source file W2170327823.tei.xml
10.3354/aei00447,W4312197850,OpenAlex full-text download,32954157932,https://github.com/thesalmonandthetomato/LivingEvidenceMap/actions/runs/32954157932,,22109515,https://zenodo.org/deposit/22109515,,,LivingEvidenceMap_fulltext_batch_006_run-32954157932.zip,deposited,OpenAlex batch 6; grobid_xml; source file W4312197850.tei.xml
10.1016/j.marpolbul.2017.07.049,W2738893930,OpenAlex full-text download,32954157932,https://github.com/thesalmonandthetomato/LivingEvidenceMap/actions/runs/32954157932,,22109515,https://zenodo.org/deposit/22109515,,,LivingEvidenceMap_fulltext_batch_006_run-32954157932.zip,deposited,OpenAlex batch 6; grobid_xml; source file W2738893930.tei.xml
10.1016/s0044-8486(03)00473-3,W2101517588,OpenAlex full-text download,32954157932,https://github.com/thesalmonandthetomato/LivingEvidenceMap/actions/runs/32954157932,,22109515,https://zenodo.org/deposit/22109515,,,LivingEvidenceMap_fulltext_batch_006_run-32954157932.zip,deposited,OpenAlex batch 6; grobid_xml; source file W2101517588.tei.xml
10.1006/jmsc.2000.1042,W2160899588,OpenAlex full-text download,32954157932,https://github.com/thesalmonandthetomato/LivingEvidenceMap/actions/runs/32954157932,,22109515,https://zenodo.org/deposit/22109515,,,LivingEvidenceMap_fulltext_batch_006_run-32954157932.zip,deposited,OpenAlex batch 6; grobid_xml; source file W2160899588.tei.xml
10.1186/s12864-019-5869-9,W2949643862,OpenAlex full-text download,32954157932,https://github.com/thesalmonandthetomato/LivingEvidenceMap/actions/runs/32954157932,,22109515,https://zenodo.org/deposit/22109515,,,LivingEvidenceMap_fulltext_batch_006_run-32954157932.zip,deposited,OpenAlex batch 6; grobid_xml; source file W2949643862.tei.xml
10.3389/fendo.2022.826920,W4220758511,OpenAlex full-text download,32954157932,https://github.com/thesalmonandthetomato/LivingEvidenceMap/actions/runs/32954157932,,22109515,https://zenodo.org/deposit/22109515,,,LivingEvidenceMap_fulltext_batch_006_run-32954157932.zip,deposited,OpenAlex batch 6; grobid_xml; source file W4220758511.tei.xml
10.3354/dao067061,W1988675544,OpenAlex full-text download,32954157932,https://github.com/thesalmonandthetomato/LivingEvidenceMap/actions/runs/32954157932,,22109515,https://zenodo.org/deposit/22109515,,,LivingEvidenceMap_fulltext_batch_006_run-32954157932.zip,deposited,OpenAlex batch 6; grobid_xml; source file W1988675544.tei.xml
10.1371/journal.pone.0120173,W2143482490,OpenAlex full-text download,32954157932,https://github.com/thesalmonandthetomato/LivingEvidenceMap/actions/runs/32954157932,,22109515,https://zenodo.org/deposit/22109515,,,LivingEvidenceMap_fulltext_batch_006_run-32954157932.zip,deposited,OpenAlex batch 6; grobid_xml; source file W2143482490.tei.xml
10.1016/j.aquaculture.2022.738063,W4212893293,OpenAlex full-text download,32954157932,https://github.com/thesalmonandthetomato/LivingEvidenceMap/actions/runs/32954157932,,22109515,https://zenodo.org/deposit/22109515,,,LivingEvidenceMap_fulltext_batch_006_run-32954157932.zip,deposited,OpenAlex batch 6; grobid_xml; source file W4212893293.tei.xml
10.3354/aei00425,W3215536485,OpenAlex full-text download,32954157932,https://github.com/thesalmonandthetomato/LivingEvidenceMap/actions/runs/32954157932,,22109515,https://zenodo.org/deposit/22109515,,,LivingEvidenceMap_fulltext_batch_006_run-32954157932.zip,deposited,OpenAlex batch 6; grobid_xml; source file W3215536485.tei.xml
10.1139/cjfas-2021-0326,W4307888160,OpenAlex full-text download,32954157932,https://github.com/thesalmonandthetomato/LivingEvidenceMap/actions/runs/32954157932,,22109515,https://zenodo.org/deposit/22109515,,,LivingEvidenceMap_fulltext_batch_006_run-32954157932.zip,deposited,OpenAlex batch 6; grobid_xml; source file W4307888160.tei.xml
10.1007/s10499-021-00694-6,W3152378151,OpenAlex full-text download,32954157932,https://github.com/thesalmonandthetomato/LivingEvidenceMap/actions/runs/32954157932,,22109515,https://zenodo.org/deposit/22109515,,,LivingEvidenceMap_fulltext_batch_006_run-32954157932.zip,deposited,OpenAlex batch 6; grobid_xml; source file W3152378151.tei.xml
10.1016/j.marpol.2018.11.040,W2905286422,OpenAlex full-text download,32954157932,https://github.com/thesalmonandthetomato/LivingEvidenceMap/actions/runs/32954157932,,22109515,https://zenodo.org/deposit/22109515,,,LivingEvidenceMap_fulltext_batch_006_run-32954157932.zip,deposited,OpenAlex batch 6; grobid_xml; source file W2905286422.tei.xml
10.3389/fmars.2020.00176,W3014013243,OpenAlex full-text download,32954157932,https://github.com/thesalmonandthetomato/LivingEvidenceMap/actions/runs/32954157932,,22109515,https://zenodo.org/deposit/22109515,,,LivingEvidenceMap_fulltext_batch_006_run-32954157932.zip,deposited,OpenAlex batch 6; grobid_xml; source file W3014013243.tei.xml
10.3354/dao057237,W1978855689,OpenAlex full-text download,32954157932,https://github.com/thesalmonandthetomato/LivingEvidenceMap/actions/runs/32954157932,,22109515,https://zenodo.org/deposit/22109515,,,LivingEvidenceMap_fulltext_batch_006_run-32954157932.zip,deposited,OpenAlex batch 6; grobid_xml; source file W1978855689.tei.xml
10.1016/j.aquaculture.2021.737313,W3194589669,OpenAlex full-text download,32954157932,https://github.com/thesalmonandthetomato/LivingEvidenceMap/actions/runs/32954157932,,22109515,https://zenodo.org/deposit/22109515,,,LivingEvidenceMap_fulltext_batch_006_run-32954157932.zip,deposited,OpenAlex batch 6; grobid_xml; source file W3194589669.tei.xml
10.1111/lre.12063,W2099918330,OpenAlex full-text download,33108396888,https://github.com/thesalmonandthetomato/LivingEvidenceMap/actions/runs/33108396888,,22133417,https://zenodo.org/deposit/22133417,,,LivingEvidenceMap_fulltext_batch_007_run-33108396888.zip,deposited,OpenAlex batch 7; grobid_xml; source file W2099918330.tei.xml
10.15381/rivep.v29i3.14841,W2890633670,OpenAlex full-text download,33108396888,https://github.com/thesalmonandthetomato/LivingEvidenceMap/actions/runs/33108396888,,22133417,https://zenodo.org/deposit/22133417,,,LivingEvidenceMap_fulltext_batch_007_run-33108396888.zip,deposited,OpenAlex batch 7; grobid_xml; source file W2890633670.tei.xml
10.3390/app12178773,W4294344068,OpenAlex full-text download,33108396888,https://github.com/thesalmonandthetomato/LivingEvidenceMap/actions/runs/33108396888,,22133417,https://zenodo.org/deposit/22133417,,,LivingEvidenceMap_fulltext_batch_007_run-33108396888.zip,deposited,OpenAlex batch 7; grobid_xml; source file W4294344068.tei.xml
10.7589/jwd-d-22-00128,W4387326742,OpenAlex full-text download,33108396888,https://github.com/thesalmonandthetomato/LivingEvidenceMap/actions/runs/33108396888,,22133417,https://zenodo.org/deposit/22133417,,,LivingEvidenceMap_fulltext_batch_007_run-33108396888.zip,deposited,OpenAlex batch 7; grobid_xml; source file W4387326742.tei.xml
10.3390/oceans4020014,W4380988983,OpenAlex full-text download,33108396888,https://github.com/thesalmonandthetomato/LivingEvidenceMap/actions/runs/33108396888,,22133417,https://zenodo.org/deposit/22133417,,,LivingEvidenceMap_fulltext_batch_007_run-33108396888.zip,deposited,OpenAlex batch 7; grobid_xml; source file W4380988983.tei.xml
10.1016/j.aquaeng.2008.12.002,W2035215948,OpenAlex full-text download,33108396888,https://github.com/thesalmonandthetomato/LivingEvidenceMap/actions/runs/33108396888,,22133417,https://zenodo.org/deposit/22133417,,,LivingEvidenceMap_fulltext_batch_007_run-33108396888.zip,deposited,OpenAlex batch 7; grobid_xml; source file W2035215948.tei.xml
10.1007/s10499-021-00747-w,W3193956437,OpenAlex full-text download,33108396888,https://github.com/thesalmonandthetomato/LivingEvidenceMap/actions/runs/33108396888,,22133417,https://zenodo.org/deposit/22133417,,,LivingEvidenceMap_fulltext_batch_007_run-33108396888.zip,deposited,OpenAlex batch 7; grobid_xml; source file W3193956437.tei.xml
10.1186/s12711-019-0468-4,W2948382319,OpenAlex full-text download,33108396888,https://github.com/thesalmonandthetomato/LivingEvidenceMap/actions/runs/33108396888,,22133417,https://zenodo.org/deposit/22133417,,,LivingEvidenceMap_fulltext_batch_007_run-33108396888.zip,deposited,OpenAlex batch 7; grobid_xml; source file W2948382319.tei.xml
10.17630/sta/31,W3160733573,OpenAlex full-text download,33108396888,https://github.com/thesalmonandthetomato/LivingEvidenceMap/actions/runs/33108396888,,22133417,https://zenodo.org/deposit/22133417,,,LivingEvidenceMap_fulltext_batch_007_run-33108396888.zip,deposited,OpenAlex batch 7; grobid_xml; source file W3160733573.tei.xml
10.3389/fgene.2022.896774,W4293194829,OpenAlex full-text download,33108396888,https://github.com/thesalmonandthetomato/LivingEvidenceMap/actions/runs/33108396888,,22133417,https://zenodo.org/deposit/22133417,,,LivingEvidenceMap_fulltext_batch_007_run-33108396888.zip,deposited,OpenAlex batch 7; grobid_xml; source file W4293194829.tei.xml
10.1016/j.aquaculture.2021.737382,W3194507274,OpenAlex full-text download,33108396888,https://github.com/thesalmonandthetomato/LivingEvidenceMap/actions/runs/33108396888,,22133417,https://zenodo.org/deposit/22133417,,,LivingEvidenceMap_fulltext_batch_007_run-33108396888.zip,deposited,OpenAlex batch 7; grobid_xml; source file W3194507274.tei.xml
10.3354/dao02065,W2040310538,OpenAlex full-text download,33108396888,https://github.com/thesalmonandthetomato/LivingEvidenceMap/actions/runs/33108396888,,22133417,https://zenodo.org/deposit/22133417,,,LivingEvidenceMap_fulltext_batch_007_run-33108396888.zip,deposited,OpenAlex batch 7; grobid_xml; source file W2040310538.tei.xml
10.1016/j.jenvman.2023.117445,W4320081377,OpenAlex full-text download,33108396888,https://github.com/thesalmonandthetomato/LivingEvidenceMap/actions/runs/33108396888,,22133417,https://zenodo.org/deposit/22133417,,,LivingEvidenceMap_fulltext_batch_007_run-33108396888.zip,deposited,OpenAlex batch 7; grobid_xml; source file W4320081377.tei.xml
10.1016/j.aquaeng.2012.11.008,W2119173231,OpenAlex full-text download,33108396888,https://github.com/thesalmonandthetomato/LivingEvidenceMap/actions/runs/33108396888,,22133417,https://zenodo.org/deposit/22133417,,,LivingEvidenceMap_fulltext_batch_007_run-33108396888.zip,deposited,OpenAlex batch 7; grobid_xml; source file W2119173231.tei.xml
10.3354/dao02331,W2329605485,OpenAlex full-text download,33108396888,https://github.com/thesalmonandthetomato/LivingEvidenceMap/actions/runs/33108396888,,22133417,https://zenodo.org/deposit/22133417,,,LivingEvidenceMap_fulltext_batch_007_run-33108396888.zip,deposited,OpenAlex batch 7; grobid_xml; source file W2329605485.tei.xml
10.1186/2041-2223-1-12,W2118347275,OpenAlex full-text download,33108396888,https://github.com/thesalmonandthetomato/LivingEvidenceMap/actions/runs/33108396888,,22133417,https://zenodo.org/deposit/22133417,,,LivingEvidenceMap_fulltext_batch_007_run-33108396888.zip,deposited,OpenAlex batch 7; grobid_xml; source file W2118347275.tei.xml
10.1016/j.fsi.2020.05.014,W3024780560,OpenAlex full-text download,33108396888,https://github.com/thesalmonandthetomato/LivingEvidenceMap/actions/runs/33108396888,,22133417,https://zenodo.org/deposit/22133417,,,LivingEvidenceMap_fulltext_batch_007_run-33108396888.zip,deposited,OpenAlex batch 7; grobid_xml; source file W3024780560.tei.xml
10.3390/vaccines9080819,W3183791732,OpenAlex full-text download,33108396888,https://github.com/thesalmonandthetomato/LivingEvidenceMap/actions/runs/33108396888,,22133417,https://zenodo.org/deposit/22133417,,,LivingEvidenceMap_fulltext_batch_007_run-33108396888.zip,deposited,OpenAlex batch 7; grobid_xml; source file W3183791732.tei.xml
10.1111/1462-2920.15593,W3160922946,OpenAlex full-text download,33108396888,https://github.com/thesalmonandthetomato/LivingEvidenceMap/actions/runs/33108396888,,22133417,https://zenodo.org/deposit/22133417,,,LivingEvidenceMap_fulltext_batch_007_run-33108396888.zip,deposited,OpenAlex batch 7; grobid_xml; source file W3160922946.tei.xml
10.1016/s1054-3139(97)80003-3,W2155260677,OpenAlex full-text download,33108396888,https://github.com/thesalmonandthetomato/LivingEvidenceMap/actions/runs/33108396888,,22133417,https://zenodo.org/deposit/22133417,,,LivingEvidenceMap_fulltext_batch_007_run-33108396888.zip,deposited,OpenAlex batch 7; grobid_xml; source file W2155260677.tei.xml
10.15406/jamb.2021.10.00313,W3182007791,OpenAlex full-text download,33108396888,https://github.com/thesalmonandthetomato/LivingEvidenceMap/actions/runs/33108396888,,22133417,https://zenodo.org/deposit/22133417,,,LivingEvidenceMap_fulltext_batch_007_run-33108396888.zip,deposited,OpenAlex batch 7; grobid_xml; source file W3182007791.tei.xml
10.1016/j.aquaculture.2019.734832,W2992508058,OpenAlex full-text download,33108396888,https://github.com/thesalmonandthetomato/LivingEvidenceMap/actions/runs/33108396888,,22133417,https://zenodo.org/deposit/22133417,,,LivingEvidenceMap_fulltext_batch_007_run-33108396888.zip,deposited,OpenAlex batch 7; grobid_xml; source file W2992508058.tei.xml
10.1016/j.aquaculture.2008.11.037,W2071593460,OpenAlex full-text download,33108396888,https://github.com/thesalmonandthetomato/LivingEvidenceMap/actions/runs/33108396888,,22133417,https://zenodo.org/deposit/22133417,,,LivingEvidenceMap_fulltext_batch_007_run-33108396888.zip,deposited,OpenAlex batch 7; grobid_xml; source file W2071593460.tei.xml
10.1016/j.aquaeng.2012.08.001,W2094326062,OpenAlex full-text download,33108396888,https://github.com/thesalmonandthetomato/LivingEvidenceMap/actions/runs/33108396888,,22133417,https://zenodo.org/deposit/22133417,,,LivingEvidenceMap_fulltext_batch_007_run-33108396888.zip,deposited,OpenAlex batch 7; grobid_xml; source file W2094326062.tei.xml
10.1016/j.aquaeng.2011.08.005,W2059177982,OpenAlex full-text download,33108396888,https://github.com/thesalmonandthetomato/LivingEvidenceMap/actions/runs/33108396888,,22133417,https://zenodo.org/deposit/22133417,,,LivingEvidenceMap_fulltext_batch_007_run-33108396888.zip,deposited,OpenAlex batch 7; grobid_xml; source file W2059177982.tei.xml
10.1016/j.aquaeng.2011.04.001,W2121105589,OpenAlex full-text download,33108396888,https://github.com/thesalmonandthetomato/LivingEvidenceMap/actions/runs/33108396888,,22133417,https://zenodo.org/deposit/22133417,,,LivingEvidenceMap_fulltext_batch_007_run-33108396888.zip,deposited,OpenAlex batch 7; grobid_xml; source file W2121105589.tei.xml
10.1016/j.aquaeng.2014.01.003,W2020778306,OpenAlex full-text download,33108396888,https://github.com/thesalmonandthetomato/LivingEvidenceMap/actions/runs/33108396888,,22133417,https://zenodo.org/deposit/22133417,,,LivingEvidenceMap_fulltext_batch_007_run-33108396888.zip,deposited,OpenAlex batch 7; grobid_xml; source file W2020778306.tei.xml
10.1111/jwas.12452,W2743891202,OpenAlex full-text download,33108396888,https://github.com/thesalmonandthetomato/LivingEvidenceMap/actions/runs/33108396888,,22133417,https://zenodo.org/deposit/22133417,,,LivingEvidenceMap_fulltext_batch_007_run-33108396888.zip,deposited,OpenAlex batch 7; grobid_xml; source file W2743891202.tei.xml
10.4172/2155-9546.1000238,W2182452383,OpenAlex full-text download,33108396888,https://github.com/thesalmonandthetomato/LivingEvidenceMap/actions/runs/33108396888,,22133417,https://zenodo.org/deposit/22133417,,,LivingEvidenceMap_fulltext_batch_007_run-33108396888.zip,deposited,OpenAlex batch 7; grobid_xml; source file W2182452383.tei.xml
10.1080/10454438.2023.2259892,W4387080388,OpenAlex full-text download,33108396888,https://github.com/thesalmonandthetomato/LivingEvidenceMap/actions/runs/33108396888,,22133417,https://zenodo.org/deposit/22133417,,,LivingEvidenceMap_fulltext_batch_007_run-33108396888.zip,deposited,OpenAlex batch 7; grobid_xml; source file W4387080388.tei.xml
10.1016/j.aquaculture.2020.736208,W3110104297,OpenAlex full-text download,33108396888,https://github.com/thesalmonandthetomato/LivingEvidenceMap/actions/runs/33108396888,,22133417,https://zenodo.org/deposit/22133417,,,LivingEvidenceMap_fulltext_batch_007_run-33108396888.zip,deposited,OpenAlex batch 7; grobid_xml; source file W3110104297.tei.xml
10.1016/j.aquaeng.2021.102201,W3202613075,OpenAlex full-text download,33108396888,https://github.com/thesalmonandthetomato/LivingEvidenceMap/actions/runs/33108396888,,22133417,https://zenodo.org/deposit/22133417,,,LivingEvidenceMap_fulltext_batch_007_run-33108396888.zip,deposited,OpenAlex batch 7; grobid_xml; source file W3202613075.tei.xml
10.3354/dao02278,W2324854903,OpenAlex full-text download,33108396888,https://github.com/thesalmonandthetomato/LivingEvidenceMap/actions/runs/33108396888,,22133417,https://zenodo.org/deposit/22133417,,,LivingEvidenceMap_fulltext_batch_007_run-33108396888.zip,deposited,OpenAlex batch 7; grobid_xml; source file W2324854903.tei.xml
10.1007/s10499-023-01099-3,W4365148601,OpenAlex full-text download,33108396888,https://github.com/thesalmonandthetomato/LivingEvidenceMap/actions/runs/33108396888,,22133417,https://zenodo.org/deposit/22133417,,,LivingEvidenceMap_fulltext_batch_007_run-33108396888.zip,deposited,OpenAlex batch 7; grobid_xml; source file W4365148601.tei.xml
10.1590/1519-6984.07315,W2400722435,OpenAlex full-text download,33108396888,https://github.com/thesalmonandthetomato/LivingEvidenceMap/actions/runs/33108396888,,22133417,https://zenodo.org/deposit/22133417,,,LivingEvidenceMap_fulltext_batch_007_run-33108396888.zip,deposited,OpenAlex batch 7; grobid_xml; source file W2400722435.tei.xml
10.3389/fmars.2017.00093,W2603326173,OpenAlex full-text download,33108396888,https://github.com/thesalmonandthetomato/LivingEvidenceMap/actions/runs/33108396888,,22133417,https://zenodo.org/deposit/22133417,,,LivingEvidenceMap_fulltext_batch_007_run-33108396888.zip,deposited,OpenAlex batch 7; grobid_xml; source file W2603326173.tei.xml
10.1016/j.aquaculture.2004.01.006,W2065763116,OpenAlex full-text download,33108396888,https://github.com/thesalmonandthetomato/LivingEvidenceMap/actions/runs/33108396888,,22133417,https://zenodo.org/deposit/22133417,,,LivingEvidenceMap_fulltext_batch_007_run-33108396888.zip,deposited,OpenAlex batch 7; grobid_xml; source file W2065763116.tei.xml
10.3390/antibiotics8040192,W2981371501,OpenAlex full-text download,33108396888,https://github.com/thesalmonandthetomato/LivingEvidenceMap/actions/runs/33108396888,,22133417,https://zenodo.org/deposit/22133417,,,LivingEvidenceMap_fulltext_batch_007_run-33108396888.zip,deposited,OpenAlex batch 7; grobid_xml; source file W2981371501.tei.xml
10.1016/j.cbpc.2016.03.003,W2296070717,OpenAlex full-text download,33108396888,https://github.com/thesalmonandthetomato/LivingEvidenceMap/actions/runs/33108396888,,22133417,https://zenodo.org/deposit/22133417,,,LivingEvidenceMap_fulltext_batch_007_run-33108396888.zip,deposited,OpenAlex batch 7; grobid_xml; source file W2296070717.tei.xml
10.1016/j.fsi.2021.08.023,W3194867324,OpenAlex full-text download,33108396888,https://github.com/thesalmonandthetomato/LivingEvidenceMap/actions/runs/33108396888,,22133417,https://zenodo.org/deposit/22133417,,,LivingEvidenceMap_fulltext_batch_007_run-33108396888.zip,deposited,OpenAlex batch 7; grobid_xml; source file W3194867324.tei.xml
10.1016/j.aquaeng.2021.102195,W3198422716,OpenAlex full-text download,33108396888,https://github.com/thesalmonandthetomato/LivingEvidenceMap/actions/runs/33108396888,,22133417,https://zenodo.org/deposit/22133417,,,LivingEvidenceMap_fulltext_batch_007_run-33108396888.zip,deposited,OpenAlex batch 7; grobid_xml; source file W3198422716.tei.xml
10.1016/j.aquaculture.2019.734785,W2990937994,OpenAlex full-text download,33108396888,https://github.com/thesalmonandthetomato/LivingEvidenceMap/actions/runs/33108396888,,22133417,https://zenodo.org/deposit/22133417,,,LivingEvidenceMap_fulltext_batch_007_run-33108396888.zip,deposited,OpenAlex batch 7; grobid_xml; source file W2990937994.tei.xml
10.3390/md19060323,W3166444241,OpenAlex full-text download,33108396888,https://github.com/thesalmonandthetomato/LivingEvidenceMap/actions/runs/33108396888,,22133417,https://zenodo.org/deposit/22133417,,,LivingEvidenceMap_fulltext_batch_007_run-33108396888.zip,deposited,OpenAlex batch 7; grobid_xml; source file W3166444241.tei.xml
10.1186/2193-1801-2-176,W2141122436,OpenAlex full-text download,33108396888,https://github.com/thesalmonandthetomato/LivingEvidenceMap/actions/runs/33108396888,,22133417,https://zenodo.org/deposit/22133417,,,LivingEvidenceMap_fulltext_batch_007_run-33108396888.zip,deposited,OpenAlex batch 7; grobid_xml; source file W2141122436.tei.xml
10.1101/2023.12.10.570985,W4389569477,OpenAlex full-text download,33108396888,https://github.com/thesalmonandthetomato/LivingEvidenceMap/actions/runs/33108396888,,22133417,https://zenodo.org/deposit/22133417,,,LivingEvidenceMap_fulltext_batch_007_run-33108396888.zip,deposited,OpenAlex batch 7; grobid_xml; source file W4389569477.tei.xml
10.18241/0073-98552014731584,W2210303899,OpenAlex full-text download,33108396888,https://github.com/thesalmonandthetomato/LivingEvidenceMap/actions/runs/33108396888,,22133417,https://zenodo.org/deposit/22133417,,,LivingEvidenceMap_fulltext_batch_007_run-33108396888.zip,deposited,OpenAlex batch 7; grobid_xml; source file W2210303899.tei.xml
10.1007/978-94-010-0810-5_16,W2165869447,OpenAlex full-text download,33108396888,https://github.com/thesalmonandthetomato/LivingEvidenceMap/actions/runs/33108396888,,22133417,https://zenodo.org/deposit/22133417,,,LivingEvidenceMap_fulltext_batch_007_run-33108396888.zip,deposited,OpenAlex batch 7; grobid_xml; source file W2165869447.tei.xml
10.1186/s12711-019-0484-4,W2965627363,OpenAlex full-text download,33108396888,https://github.com/thesalmonandthetomato/LivingEvidenceMap/actions/runs/33108396888,,22133417,https://zenodo.org/deposit/22133417,,,LivingEvidenceMap_fulltext_batch_007_run-33108396888.zip,deposited,OpenAlex batch 7; grobid_xml; source file W2965627363.tei.xml
10.1017/s1368980017000696,W2620384991,OpenAlex full-text download,33108396888,https://github.com/thesalmonandthetomato/LivingEvidenceMap/actions/runs/33108396888,,22133417,https://zenodo.org/deposit/22133417,,,LivingEvidenceMap_fulltext_batch_007_run-33108396888.zip,deposited,OpenAlex batch 7; grobid_xml; source file W2620384991.tei.xml
10.1007/s00394-020-02396-w,W3088295662,OpenAlex full-text download,33108396888,https://github.com/thesalmonandthetomato/LivingEvidenceMap/actions/runs/33108396888,,22133417,https://zenodo.org/deposit/22133417,,,LivingEvidenceMap_fulltext_batch_007_run-33108396888.zip,deposited,OpenAlex batch 7; grobid_xml; source file W3088295662.tei.xml
10.3390/pathogens12050632,W4366829680,OpenAlex full-text download,33108396888,https://github.com/thesalmonandthetomato/LivingEvidenceMap/actions/runs/33108396888,,22133417,https://zenodo.org/deposit/22133417,,,LivingEvidenceMap_fulltext_batch_007_run-33108396888.zip,deposited,OpenAlex batch 7; grobid_xml; source file W4366829680.tei.xml
10.48045/001c.39775,W4311866956,OpenAlex full-text download,33108396888,https://github.com/thesalmonandthetomato/LivingEvidenceMap/actions/runs/33108396888,,22133417,https://zenodo.org/deposit/22133417,,,LivingEvidenceMap_fulltext_batch_007_run-33108396888.zip,deposited,OpenAlex batch 7; grobid_xml; source file W4311866956.tei.xml
10.1016/j.aquaculture.2015.03.024,W2020863308,OpenAlex full-text download,33108396888,https://github.com/thesalmonandthetomato/LivingEvidenceMap/actions/runs/33108396888,,22133417,https://zenodo.org/deposit/22133417,,,LivingEvidenceMap_fulltext_batch_007_run-33108396888.zip,deposited,OpenAlex batch 7; grobid_xml; source file W2020863308.tei.xml
10.3354/dao02978,W2315088235,OpenAlex full-text download,33108396888,https://github.com/thesalmonandthetomato/LivingEvidenceMap/actions/runs/33108396888,,22133417,https://zenodo.org/deposit/22133417,,,LivingEvidenceMap_fulltext_batch_007_run-33108396888.zip,deposited,OpenAlex batch 7; grobid_xml; source file W2315088235.tei.xml
10.1016/j.epidem.2021.100508,W3206534506,OpenAlex full-text download,33108396888,https://github.com/thesalmonandthetomato/LivingEvidenceMap/actions/runs/33108396888,,22133417,https://zenodo.org/deposit/22133417,,,LivingEvidenceMap_fulltext_batch_007_run-33108396888.zip,deposited,OpenAlex batch 7; grobid_xml; source file W3206534506.tei.xml
10.1186/s40104-023-00951-z,W4391075671,OpenAlex full-text download,33108396888,https://github.com/thesalmonandthetomato/LivingEvidenceMap/actions/runs/33108396888,,22133417,https://zenodo.org/deposit/22133417,,,LivingEvidenceMap_fulltext_batch_007_run-33108396888.zip,deposited,OpenAlex batch 7; grobid_xml; source file W4391075671.tei.xml
10.1016/j.aquaculture.2023.740049,W4386579708,OpenAlex full-text download,33108396888,https://github.com/thesalmonandthetomato/LivingEvidenceMap/actions/runs/33108396888,,22133417,https://zenodo.org/deposit/22133417,,,LivingEvidenceMap_fulltext_batch_007_run-33108396888.zip,deposited,OpenAlex batch 7; grobid_xml; source file W4386579708.tei.xml
10.1093/icesjms/fsab004,W3130581573,OpenAlex full-text download,33108396888,https://github.com/thesalmonandthetomato/LivingEvidenceMap/actions/runs/33108396888,,22133417,https://zenodo.org/deposit/22133417,,,LivingEvidenceMap_fulltext_batch_007_run-33108396888.zip,deposited,OpenAlex batch 7; grobid_xml; source file W3130581573.tei.xml
10.2298/bah1602229d,W2460481809,OpenAlex full-text download,33108396888,https://github.com/thesalmonandthetomato/LivingEvidenceMap/actions/runs/33108396888,,22133417,https://zenodo.org/deposit/22133417,,,LivingEvidenceMap_fulltext_batch_007_run-33108396888.zip,deposited,OpenAlex batch 7; grobid_xml; source file W2460481809.tei.xml
10.21203/rs.3.rs-4180820/v1,W4394621665,OpenAlex full-text download,33108396888,https://github.com/thesalmonandthetomato/LivingEvidenceMap/actions/runs/33108396888,,22133417,https://zenodo.org/deposit/22133417,,,LivingEvidenceMap_fulltext_batch_007_run-33108396888.zip,deposited,OpenAlex batch 7; grobid_xml; source file W4394621665.tei.xml
10.1111/1755-0998.14004,W4401375567,OpenAlex full-text download,33108396888,https://github.com/thesalmonandthetomato/LivingEvidenceMap/actions/runs/33108396888,,22133417,https://zenodo.org/deposit/22133417,,,LivingEvidenceMap_fulltext_batch_007_run-33108396888.zip,deposited,OpenAlex batch 7; grobid_xml; source file W4401375567.tei.xml
10.14715/cmb/2022.69.1.20,W4377220838,OpenAlex full-text download,33108396888,https://github.com/thesalmonandthetomato/LivingEvidenceMap/actions/runs/33108396888,,22133417,https://zenodo.org/deposit/22133417,,,LivingEvidenceMap_fulltext_batch_007_run-33108396888.zip,deposited,OpenAlex batch 7; grobid_xml; source file W4377220838.tei.xml
10.3389/fmars.2023.1094247,W4376613441,OpenAlex full-text download,33108396888,https://github.com/thesalmonandthetomato/LivingEvidenceMap/actions/runs/33108396888,,22133417,https://zenodo.org/deposit/22133417,,,LivingEvidenceMap_fulltext_batch_007_run-33108396888.zip,deposited,OpenAlex batch 7; grobid_xml; source file W4376613441.tei.xml
10.3354/aei00402,W3157649816,OpenAlex full-text download,33108396888,https://github.com/thesalmonandthetomato/LivingEvidenceMap/actions/runs/33108396888,,22133417,https://zenodo.org/deposit/22133417,,,LivingEvidenceMap_fulltext_batch_007_run-33108396888.zip,deposited,OpenAlex batch 7; grobid_xml; source file W3157649816.tei.xml
10.3354/meps08050,W2126822121,OpenAlex full-text download,33108396888,https://github.com/thesalmonandthetomato/LivingEvidenceMap/actions/runs/33108396888,,22133417,https://zenodo.org/deposit/22133417,,,LivingEvidenceMap_fulltext_batch_007_run-33108396888.zip,deposited,OpenAlex batch 7; grobid_xml; source file W2126822121.tei.xml
10.3945/jn.111.141820,W2124424691,OpenAlex full-text download,33108396888,https://github.com/thesalmonandthetomato/LivingEvidenceMap/actions/runs/33108396888,,22133417,https://zenodo.org/deposit/22133417,,,LivingEvidenceMap_fulltext_batch_007_run-33108396888.zip,deposited,OpenAlex batch 7; grobid_xml; source file W2124424691.tei.xml
10.2478/jvetres-2018-0001,W2185934530,OpenAlex full-text download,33108396888,https://github.com/thesalmonandthetomato/LivingEvidenceMap/actions/runs/33108396888,,22133417,https://zenodo.org/deposit/22133417,,,LivingEvidenceMap_fulltext_batch_007_run-33108396888.zip,deposited,OpenAlex batch 7; grobid_xml; source file W2185934530.tei.xml
10.35229/jaes.854972,W3132940152,OpenAlex full-text download,33108396888,https://github.com/thesalmonandthetomato/LivingEvidenceMap/actions/runs/33108396888,,22133417,https://zenodo.org/deposit/22133417,,,LivingEvidenceMap_fulltext_batch_007_run-33108396888.zip,deposited,OpenAlex batch 7; grobid_xml; source file W3132940152.tei.xml
10.1016/j.aquaculture.2012.04.005,W2020385587,OpenAlex full-text download,33108396888,https://github.com/thesalmonandthetomato/LivingEvidenceMap/actions/runs/33108396888,,22133417,https://zenodo.org/deposit/22133417,,,LivingEvidenceMap_fulltext_batch_007_run-33108396888.zip,deposited,OpenAlex batch 7; grobid_xml; source file W2020385587.tei.xml
10.18006/2018.6(3).617.622,W2809112398,OpenAlex full-text download,33108396888,https://github.com/thesalmonandthetomato/LivingEvidenceMap/actions/runs/33108396888,,22133417,https://zenodo.org/deposit/22133417,,,LivingEvidenceMap_fulltext_batch_007_run-33108396888.zip,deposited,OpenAlex batch 7; grobid_xml; source file W2809112398.tei.xml
10.3390/v11050465,W2945877197,OpenAlex full-text download,33108396888,https://github.com/thesalmonandthetomato/LivingEvidenceMap/actions/runs/33108396888,,22133417,https://zenodo.org/deposit/22133417,,,LivingEvidenceMap_fulltext_batch_007_run-33108396888.zip,deposited,OpenAlex batch 7; grobid_xml; source file W2945877197.tei.xml
10.1186/s42523-023-00228-w,W4320037528,OpenAlex full-text download,33108396888,https://github.com/thesalmonandthetomato/LivingEvidenceMap/actions/runs/33108396888,,22133417,https://zenodo.org/deposit/22133417,,,LivingEvidenceMap_fulltext_batch_007_run-33108396888.zip,deposited,OpenAlex batch 7; grobid_xml; source file W4320037528.tei.xml
10.3389/fgene.2020.575237,W3093703237,OpenAlex full-text download,33108396888,https://github.com/thesalmonandthetomato/LivingEvidenceMap/actions/runs/33108396888,,22133417,https://zenodo.org/deposit/22133417,,,LivingEvidenceMap_fulltext_batch_007_run-33108396888.zip,deposited,OpenAlex batch 7; grobid_xml; source file W3093703237.tei.xml
10.61885/joa.v28.2020.258,W4388984754,OpenAlex full-text download,33108396888,https://github.com/thesalmonandthetomato/LivingEvidenceMap/actions/runs/33108396888,,22133417,https://zenodo.org/deposit/22133417,,,LivingEvidenceMap_fulltext_batch_007_run-33108396888.zip,deposited,OpenAlex batch 7; grobid_xml; source file W4388984754.tei.xml
10.3390/microorganisms9061258,W3167850625,OpenAlex full-text download,33108396888,https://github.com/thesalmonandthetomato/LivingEvidenceMap/actions/runs/33108396888,,22133417,https://zenodo.org/deposit/22133417,,,LivingEvidenceMap_fulltext_batch_007_run-33108396888.zip,deposited,OpenAlex batch 7; grobid_xml; source file W3167850625.tei.xml
10.1038/s41598-021-85988-8,W3108956953,OpenAlex full-text download,33108396888,https://github.com/thesalmonandthetomato/LivingEvidenceMap/actions/runs/33108396888,,22133417,https://zenodo.org/deposit/22133417,,,LivingEvidenceMap_fulltext_batch_007_run-33108396888.zip,deposited,OpenAlex batch 7; grobid_xml; source file W3108956953.tei.xml
10.1371/journal.pone.0171471,W2589730151,OpenAlex full-text download,33108396888,https://github.com/thesalmonandthetomato/LivingEvidenceMap/actions/runs/33108396888,,22133417,https://zenodo.org/deposit/22133417,,,LivingEvidenceMap_fulltext_batch_007_run-33108396888.zip,deposited,OpenAlex batch 7; grobid_xml; source file W2589730151.tei.xml
10.1051/limn:2008020,W2002501506,OpenAlex full-text download,33108396888,https://github.com/thesalmonandthetomato/LivingEvidenceMap/actions/runs/33108396888,,22133417,https://zenodo.org/deposit/22133417,,,LivingEvidenceMap_fulltext_batch_007_run-33108396888.zip,deposited,OpenAlex batch 7; grobid_xml; source file W2002501506.tei.xml
10.1016/j.scitotenv.2022.161288,W4313424452,OpenAlex full-text download,33108396888,https://github.com/thesalmonandthetomato/LivingEvidenceMap/actions/runs/33108396888,,22133417,https://zenodo.org/deposit/22133417,,,LivingEvidenceMap_fulltext_batch_007_run-33108396888.zip,deposited,OpenAlex batch 7; grobid_xml; source file W4313424452.tei.xml
10.46989/001c.20800,W2587851869,OpenAlex full-text download,33108396888,https://github.com/thesalmonandthetomato/LivingEvidenceMap/actions/runs/33108396888,,22133417,https://zenodo.org/deposit/22133417,,,LivingEvidenceMap_fulltext_batch_007_run-33108396888.zip,deposited,OpenAlex batch 7; grobid_xml; source file W2587851869.tei.xml
10.21203/rs.3.rs-620617/v2,W4236439976,OpenAlex full-text download,33108396888,https://github.com/thesalmonandthetomato/LivingEvidenceMap/actions/runs/33108396888,,22133417,https://zenodo.org/deposit/22133417,,,LivingEvidenceMap_fulltext_batch_007_run-33108396888.zip,deposited,OpenAlex batch 7; grobid_xml; source file W4236439976.tei.xml
10.1016/j.compag.2020.105411,W3018943850,OpenAlex full-text download,33108396888,https://github.com/thesalmonandthetomato/LivingEvidenceMap/actions/runs/33108396888,,22133417,https://zenodo.org/deposit/22133417,,,LivingEvidenceMap_fulltext_batch_007_run-33108396888.zip,deposited,OpenAlex batch 7; grobid_xml; source file W3018943850.tei.xml
10.1038/s41598-022-08872-z,W4220738804,OpenAlex full-text download,33108396888,https://github.com/thesalmonandthetomato/LivingEvidenceMap/actions/runs/33108396888,,22133417,https://zenodo.org/deposit/22133417,,,LivingEvidenceMap_fulltext_batch_007_run-33108396888.zip,deposited,OpenAlex batch 7; grobid_xml; source file W4220738804.tei.xml
10.4194/trjfas.2010.0203,W2101568139,OpenAlex full-text download,33108396888,https://github.com/thesalmonandthetomato/LivingEvidenceMap/actions/runs/33108396888,,22133417,https://zenodo.org/deposit/22133417,,,LivingEvidenceMap_fulltext_batch_007_run-33108396888.zip,deposited,OpenAlex batch 7; grobid_xml; source file W2101568139.tei.xml
10.1016/j.accfor.2004.12.001,W1973905312,OpenAlex full-text download,33108396888,https://github.com/thesalmonandthetomato/LivingEvidenceMap/actions/runs/33108396888,,22133417,https://zenodo.org/deposit/22133417,,,LivingEvidenceMap_fulltext_batch_007_run-33108396888.zip,deposited,OpenAlex batch 7; grobid_xml; source file W1973905312.tei.xml
10.5772/intechopen.99467,W3199906663,OpenAlex full-text download,33108396888,https://github.com/thesalmonandthetomato/LivingEvidenceMap/actions/runs/33108396888,,22133417,https://zenodo.org/deposit/22133417,,,LivingEvidenceMap_fulltext_batch_007_run-33108396888.zip,deposited,OpenAlex batch 7; grobid_xml; source file W3199906663.tei.xml
10.1093/icesjms/fsac060,W4221090105,OpenAlex full-text download,33108396888,https://github.com/thesalmonandthetomato/LivingEvidenceMap/actions/runs/33108396888,,22133417,https://zenodo.org/deposit/22133417,,,LivingEvidenceMap_fulltext_batch_007_run-33108396888.zip,deposited,OpenAlex batch 7; grobid_xml; source file W4221090105.tei.xml
10.1093/icesjms/fsy202,W2909906309,OpenAlex full-text download,33108396888,https://github.com/thesalmonandthetomato/LivingEvidenceMap/actions/runs/33108396888,,22133417,https://zenodo.org/deposit/22133417,,,LivingEvidenceMap_fulltext_batch_007_run-33108396888.zip,deposited,OpenAlex batch 7; grobid_xml; source file W2909906309.tei.xml
10.1186/s13567-016-0341-1,W2410940348,OpenAlex full-text download,33108396888,https://github.com/thesalmonandthetomato/LivingEvidenceMap/actions/runs/33108396888,,22133417,https://zenodo.org/deposit/22133417,,,LivingEvidenceMap_fulltext_batch_007_run-33108396888.zip,deposited,OpenAlex batch 7; grobid_xml; source file W2410940348.tei.xml
10.33448/rsd-v9i11.9556,W3154213834,OpenAlex full-text download,33108396888,https://github.com/thesalmonandthetomato/LivingEvidenceMap/actions/runs/33108396888,,22133417,https://zenodo.org/deposit/22133417,,,LivingEvidenceMap_fulltext_batch_007_run-33108396888.zip,deposited,OpenAlex batch 7; grobid_xml; source file W3154213834.tei.xml
10.1016/j.fsi.2022.07.039,W4288886138,OpenAlex full-text download,33108396888,https://github.com/thesalmonandthetomato/LivingEvidenceMap/actions/runs/33108396888,,22133417,https://zenodo.org/deposit/22133417,,,LivingEvidenceMap_fulltext_batch_007_run-33108396888.zip,deposited,OpenAlex batch 7; grobid_xml; source file W4288886138.tei.xml
10.1016/j.fsi.2022.03.040,W4220750400,OpenAlex full-text download,33108396888,https://github.com/thesalmonandthetomato/LivingEvidenceMap/actions/runs/33108396888,,22133417,https://zenodo.org/deposit/22133417,,,LivingEvidenceMap_fulltext_batch_007_run-33108396888.zip,deposited,OpenAlex batch 7; grobid_xml; source file W4220750400.tei.xml
10.51754/cusbed.1502839,W4401897268,OpenAlex full-text download,33108396888,https://github.com/thesalmonandthetomato/LivingEvidenceMap/actions/runs/33108396888,,22133417,https://zenodo.org/deposit/22133417,,,LivingEvidenceMap_fulltext_batch_007_run-33108396888.zip,deposited,OpenAlex batch 7; grobid_xml; source file W4401897268.tei.xml
10.24925/turjaf.v11i2.303-306.5701,W4323365092,OpenAlex full-text download,33108396888,https://github.com/thesalmonandthetomato/LivingEvidenceMap/actions/runs/33108396888,,22133417,https://zenodo.org/deposit/22133417,,,LivingEvidenceMap_fulltext_batch_007_run-33108396888.zip,deposited,OpenAlex batch 7; grobid_xml; source file W4323365092.tei.xml
10.2478/aoas-2023-0032,W4376274387,OpenAlex full-text download,33108396888,https://github.com/thesalmonandthetomato/LivingEvidenceMap/actions/runs/33108396888,,22133417,https://zenodo.org/deposit/22133417,,,LivingEvidenceMap_fulltext_batch_007_run-33108396888.zip,deposited,OpenAlex batch 7; grobid_xml; source file W4376274387.tei.xml
10.3389/fmicb.2019.00748,W2936662929,OpenAlex full-text download,33108396888,https://github.com/thesalmonandthetomato/LivingEvidenceMap/actions/runs/33108396888,,22133417,https://zenodo.org/deposit/22133417,,,LivingEvidenceMap_fulltext_batch_007_run-33108396888.zip,deposited,OpenAlex batch 7; grobid_xml; source file W2936662929.tei.xml
10.3390/biology9100319,W3090441908,OpenAlex full-text download,33108396888,https://github.com/thesalmonandthetomato/LivingEvidenceMap/actions/runs/33108396888,,22133417,https://zenodo.org/deposit/22133417,,,LivingEvidenceMap_fulltext_batch_007_run-33108396888.zip,deposited,OpenAlex batch 7; grobid_xml; source file W3090441908.tei.xml
10.3389/fanim.2021.695054,W3184283071,OpenAlex full-text download,33108396888,https://github.com/thesalmonandthetomato/LivingEvidenceMap/actions/runs/33108396888,,22133417,https://zenodo.org/deposit/22133417,,,LivingEvidenceMap_fulltext_batch_007_run-33108396888.zip,deposited,OpenAlex batch 7; grobid_xml; source file W3184283071.tei.xml
10.3390/ani13223525,W4388694424,OpenAlex full-text download,33108396888,https://github.com/thesalmonandthetomato/LivingEvidenceMap/actions/runs/33108396888,,22133417,https://zenodo.org/deposit/22133417,,,LivingEvidenceMap_fulltext_batch_007_run-33108396888.zip,deposited,OpenAlex batch 7; grobid_xml; source file W4388694424.tei.xml
10.1007/s40071-019-00241-3,W2972638968,OpenAlex full-text download,33108396888,https://github.com/thesalmonandthetomato/LivingEvidenceMap/actions/runs/33108396888,,22133417,https://zenodo.org/deposit/22133417,,,LivingEvidenceMap_fulltext_batch_007_run-33108396888.zip,deposited,OpenAlex batch 7; grobid_xml; source file W2972638968.tei.xml
