record_id,path_id,hierarchy_path,review_required,review_reason,status,error
72571,V3_001,Environment > General environmental issues > Multiple or general environmental impacts,FALSE,,completed,NA
72571,V3_004,"Environment > Resource use and footprint > Energy, greenhouse gases and life-cycle footprint",FALSE,,completed,NA
72571,V3_005,Environment > Waste and emissions > Nutrients and organic waste,FALSE,,completed,NA
72571,V3_043,Inputs and resources > Circularity > By-products and waste as inputs,FALSE,,completed,NA
72571,V3_044,Inputs and resources > Circularity > Nutrient recovery,FALSE,,completed,NA
72571,V3_045,Inputs and resources > Circularity > Resource efficiency,FALSE,,completed,NA
72571,V3_051,Methods > Methodological research > Evidence-synthesis and classification methods,FALSE,,completed,NA
82447,NA,NA,FALSE,,completed,NA
82460,V3_092,"Production > Early life and transfer > Eggs, fry and parr production",FALSE,,completed,NA
82460,V3_097,Production > Feed and nutrition > Feed additives and supplements,FALSE,,completed,NA
82460,V3_112,Production > Fish performance and biology > Growth and development,FALSE,,completed,NA
72656,V3_074,Product > Fillet and carcass quality > Physical and visual quality,FALSE,,completed,NA
72656,V3_075,Product > Fillet and carcass quality > Yield and body composition,FALSE,,completed,NA
72656,V3_098,Production > Feed and nutrition > Nutrient requirements and feed formulation,FALSE,,completed,NA
72656,V3_101,Production > Feed and nutrition > Feed efficiency and conversion,FALSE,,completed,NA
72656,V3_112,Production > Fish performance and biology > Growth and development,FALSE,,completed,NA
72661,V3_122,Production > Fish health > Other diseases - Prevention and treatment,FALSE,,completed,NA
72733,V3_089,Production > Breeding and reproduction > Selective breeding and genetic improvement,FALSE,,completed,NA
72781,V3_021,Industry and governance > Sector development > History and regional development,FALSE,,completed,NA
72781,V3_028,"Industry and governance > Markets, trade and value chains > Supply, demand and prices",FALSE,,completed,NA
72781,V3_029,"Industry and governance > Markets, trade and value chains > International trade",FALSE,,completed,NA
72781,V3_030,"Industry and governance > Markets, trade and value chains > Value chains and supply chains",FALSE,,completed,NA
82509,V3_027,"Industry and governance > Economics and performance > Economic risk, valuation and impact",FALSE,,completed,NA
82509,V3_028,"Industry and governance > Markets, trade and value chains > Supply, demand and prices",FALSE,,completed,NA
72800,V3_090,Production > Breeding and reproduction > Broodstock and reproductive performance,TRUE,Document is a corrigendum with no abstract text; assignment inferred from title only (maternal stress effects on offspring). Please verify which offspring characteristics were measured to confirm selected categories and consider adding behaviour if applicable.,completed,NA
72800,V3_092,"Production > Early life and transfer > Eggs, fry and parr production",TRUE,Document is a corrigendum with no abstract text; assignment inferred from title only (maternal stress effects on offspring). Please verify which offspring characteristics were measured to confirm selected categories and consider adding behaviour if applicable.,completed,NA
72800,V3_112,Production > Fish performance and biology > Growth and development,TRUE,Document is a corrigendum with no abstract text; assignment inferred from title only (maternal stress effects on offspring). Please verify which offspring characteristics were measured to confirm selected categories and consider adding behaviour if applicable.,completed,NA
72800,V3_113,"Production > Fish performance and biology > Physiology, metabolism and biological responses",TRUE,Document is a corrigendum with no abstract text; assignment inferred from title only (maternal stress effects on offspring). Please verify which offspring characteristics were measured to confirm selected categories and consider adding behaviour if applicable.,completed,NA
82513,V3_122,Production > Fish health > Other diseases - Prevention and treatment,FALSE,,completed,NA
82513,V3_123,Production > Fish health > Other diseases - Diagnosis and detection,FALSE,,completed,NA
72841,V3_097,Production > Feed and nutrition > Feed additives and supplements,FALSE,,completed,NA
72841,V3_098,Production > Feed and nutrition > Nutrient requirements and feed formulation,FALSE,,completed,NA
72841,V3_100,Production > Feed and nutrition > Digestibility and nutrient utilisation,FALSE,,completed,NA
82524,V3_021,Industry and governance > Sector development > History and regional development,TRUE,"Only the title is provided (no abstract). Classification as regional/sector overview is likely, but insufficient detail to assign additional topics (e.g., companies, policy, production systems) without review.",completed,NA
82525,V3_021,Industry and governance > Sector development > History and regional development,TRUE,"Only the title was provided (no abstract). Assigned to regional/sector development based on title; other applicable topics (e.g. companies, trade, policy, environmental impacts) cannot be determined without the abstract.",completed,NA
82526,V3_021,Industry and governance > Sector development > History and regional development,FALSE,,completed,NA
82526,V3_028,"Industry and governance > Markets, trade and value chains > Supply, demand and prices",FALSE,,completed,NA
82526,V3_029,"Industry and governance > Markets, trade and value chains > International trade",FALSE,,completed,NA
82526,V3_063,People and society > Food security and access > Food availability and nutritional security,FALSE,,completed,NA
82352,V3_005,Environment > Waste and emissions > Nutrients and organic waste,FALSE,,completed,NA
82352,V3_133,Environment > Environmental stressors > Natural biological hazards,FALSE,,completed,NA
72897,V3_021,Industry and governance > Sector development > History and regional development,TRUE,Only the title was available (no abstract). Assignments are inferred from title; please verify with full abstract/text.,completed,NA
72897,V3_024,Industry and governance > Firms and industry structure > Business strategy and investment,TRUE,Only the title was available (no abstract). Assignments are inferred from title; please verify with full abstract/text.,completed,NA
72897,V3_025,Industry and governance > Economics and performance > Costs and profitability,TRUE,Only the title was available (no abstract). Assignments are inferred from title; please verify with full abstract/text.,completed,NA
72897,V3_026,Industry and governance > Economics and performance > Productivity and economic efficiency,TRUE,Only the title was available (no abstract). Assignments are inferred from title; please verify with full abstract/text.,completed,NA
72897,V3_027,"Industry and governance > Economics and performance > Economic risk, valuation and impact",TRUE,Only the title was available (no abstract). Assignments are inferred from title; please verify with full abstract/text.,completed,NA
72897,V3_028,"Industry and governance > Markets, trade and value chains > Supply, demand and prices",TRUE,Only the title was available (no abstract). Assignments are inferred from title; please verify with full abstract/text.,completed,NA
72897,V3_029,"Industry and governance > Markets, trade and value chains > International trade",TRUE,Only the title was available (no abstract). Assignments are inferred from title; please verify with full abstract/text.,completed,NA
72897,V3_030,"Industry and governance > Markets, trade and value chains > Value chains and supply chains",TRUE,Only the title was available (no abstract). Assignments are inferred from title; please verify with full abstract/text.,completed,NA
72962,V3_049,Methods > Methodological research > Statistical and modelling methods,FALSE,,completed,NA
72962,V3_114,Production > Fish performance and biology > Anatomy and tissues,FALSE,,completed,NA
72962,V3_124,Production > Fish health > Non-infectious disease and disorders,FALSE,,completed,NA
73048,V3_016,Environment > Wild populations and ecosystems > Biodiversity and ecosystem effects,TRUE,"Only the title provided; unclear whether this is a natural occurrence, an escapee report, or part of a monitoring dataset. Could also map to escape-related categories if the paper documents an escape. Please review with full text/abstract.",completed,NA
73048,V3_019,Environment > Environmental management > Monitoring and assessment,TRUE,"Only the title provided; unclear whether this is a natural occurrence, an escapee report, or part of a monitoring dataset. Could also map to escape-related categories if the paper documents an escape. Please review with full text/abstract.",completed,NA
82598,V3_051,Methods > Methodological research > Evidence-synthesis and classification methods,TRUE,"Only the title (no abstract body) is available. It clearly identifies a review, so evidence-synthesis is applicable, but the scope of 'latest trends' is unspecified—other topic assignments may also apply but cannot be determined from title alone.",completed,NA
82614,V3_053,People and society > Labour and employment > Employment and job creation,FALSE,,completed,NA
82614,V3_054,People and society > Labour and employment > Working conditions and occupational health,FALSE,,completed,NA
73164,V3_052,People and society > General social issues > Multiple or general social impacts,FALSE,,completed,NA
73164,V3_056,People and society > Communities and livelihoods > Livelihoods and income,FALSE,,completed,NA
73164,V3_057,People and society > Communities and livelihoods > Local and rural development,FALSE,,completed,NA
73164,V3_059,People and society > Communities and livelihoods > Conflict and social licence,FALSE,,completed,NA
73164,V3_060,"People and society > Equity, justice and rights > Distribution of benefits and harms",FALSE,,completed,NA
73164,V3_068,People and society > Culture and knowledge > Public discourse and representation,FALSE,,completed,NA
73164,V3_110,Production > Production systems and technology > Integrated multi-trophic aquaculture,FALSE,,completed,NA
82625,NA,NA,TRUE,Only a title ('Atlantic salmon aquaculture') was provided with no abstract or substantive detail. Insufficient information to assign any specific three-level hierarchy paths; human review recommended.,completed,NA
82626,NA,NA,TRUE,"Only the report title was provided with no abstract or content. Unable to determine substantive objectives, interventions, exposures, outcomes, or applications from the title alone — more content is needed to assign relevant hierarchy paths.",completed,NA
82627,NA,NA,TRUE,No abstract content provided and the title alone ('Atlantic salmon aquaculture subprogram') is too vague to assign any specific three-level topic path confidently. Additional abstract or substantive details needed to classify.,completed,NA
82628,NA,NA,TRUE,Only a newsletter title provided with no abstract or substantive content; insufficient information to assign any specific topic paths. Please provide the article abstract or main content for classification.,completed,NA
82629,NA,NA,TRUE,No abstract or substantive content provided—only a conference handbook title. Insufficient information to determine which specific three-level topic paths apply without speculation.,completed,NA
82630,NA,NA,TRUE,"No substantive content in record—only a conference title provided with no abstract or details on objectives, interventions, exposures, outcomes, or topics. Unable to assign any specific hierarchy path without additional information.",completed,NA
82656,V3_086,"Product > Consumers and consumption > Perceptions, knowledge and trust",FALSE,,completed,NA
82656,V3_087,"Product > Consumers and consumption > Labels, origin and certification",FALSE,,completed,NA
73425,V3_098,Production > Feed and nutrition > Nutrient requirements and feed formulation,FALSE,,completed,NA
73425,V3_113,"Production > Fish performance and biology > Physiology, metabolism and biological responses",FALSE,,completed,NA
73425,V3_114,Production > Fish performance and biology > Anatomy and tissues,FALSE,,completed,NA
73425,V3_124,Production > Fish health > Non-infectious disease and disorders,FALSE,,completed,NA
73425,V3_132,Environment > Environmental stressors > Water and ocean conditions,FALSE,,completed,NA
73426,V3_112,Production > Fish performance and biology > Growth and development,FALSE,,completed,NA
73426,V3_114,Production > Fish performance and biology > Anatomy and tissues,FALSE,,completed,NA
73426,V3_124,Production > Fish health > Non-infectious disease and disorders,FALSE,,completed,NA
73426,V3_126,Production > Fish welfare > Welfare risks and consequences,FALSE,,completed,NA
73504,V3_089,Production > Breeding and reproduction > Selective breeding and genetic improvement,FALSE,,completed,NA
73579,V3_068,People and society > Culture and knowledge > Public discourse and representation,FALSE,,completed,NA
73579,V3_133,Environment > Environmental stressors > Natural biological hazards,FALSE,,completed,NA
73765,V3_120,Production > Fish health > Other diseases - General,FALSE,,completed,NA
73830,V3_088,Production > Fish health > General fish health,FALSE,,completed,NA
73830,V3_120,Production > Fish health > Other diseases - General,FALSE,,completed,NA
82419,V3_021,Industry and governance > Sector development > History and regional development,TRUE,"Only the article title was provided (no abstract text). Assignments are inferred from the title referencing the Chilean salmon industry crisis and capitalist/economic framing; full abstract may reveal additional or different environmental, governance or social emphases.",completed,NA
82419,V3_024,Industry and governance > Firms and industry structure > Business strategy and investment,TRUE,"Only the article title was provided (no abstract text). Assignments are inferred from the title referencing the Chilean salmon industry crisis and capitalist/economic framing; full abstract may reveal additional or different environmental, governance or social emphases.",completed,NA
82419,V3_027,"Industry and governance > Economics and performance > Economic risk, valuation and impact",TRUE,"Only the article title was provided (no abstract text). Assignments are inferred from the title referencing the Chilean salmon industry crisis and capitalist/economic framing; full abstract may reveal additional or different environmental, governance or social emphases.",completed,NA
82419,V3_028,"Industry and governance > Markets, trade and value chains > Supply, demand and prices",TRUE,"Only the article title was provided (no abstract text). Assignments are inferred from the title referencing the Chilean salmon industry crisis and capitalist/economic framing; full abstract may reveal additional or different environmental, governance or social emphases.",completed,NA
82419,V3_056,People and society > Communities and livelihoods > Livelihoods and income,TRUE,"Only the article title was provided (no abstract text). Assignments are inferred from the title referencing the Chilean salmon industry crisis and capitalist/economic framing; full abstract may reveal additional or different environmental, governance or social emphases.",completed,NA
82778,V3_032,Industry and governance > Governance and policy > Policy and regulation,TRUE,"Only a title provided with no abstract or details. Classification based on title interpretation that this is an administrative/policy subprogram; more content needed to confirm and identify any additional applicable categories (e.g. licensing, sector development, compliance).",completed,NA
82838,V3_021,Industry and governance > Sector development > History and regional development,TRUE,Only the article title is provided (no abstract or content). Assignment based on likely regional/sector focus; additional content needed to confirm and identify other applicable categories.,completed,NA
82856,V3_047,Methods > Methodological research > Monitoring and sampling methods,TRUE,"Only the title was provided (no abstract/methods/results). Assignments inferred from a 2-year survey of gills (anatomy/tissues, fish-health surveillance and monitoring); please review with full text for confirmation.",completed,NA
82856,V3_088,Production > Fish health > General fish health,TRUE,"Only the title was provided (no abstract/methods/results). Assignments inferred from a 2-year survey of gills (anatomy/tissues, fish-health surveillance and monitoring); please review with full text for confirmation.",completed,NA
82856,V3_114,Production > Fish performance and biology > Anatomy and tissues,TRUE,"Only the title was provided (no abstract/methods/results). Assignments inferred from a 2-year survey of gills (anatomy/tissues, fish-health surveillance and monitoring); please review with full text for confirmation.",completed,NA
82856,V3_121,Production > Fish health > Other diseases - Epidemiology,TRUE,"Only the title was provided (no abstract/methods/results). Assignments inferred from a 2-year survey of gills (anatomy/tissues, fish-health surveillance and monitoring); please review with full text for confirmation.",completed,NA
82914,V3_088,Production > Fish health > General fish health,FALSE,,completed,NA
82914,V3_113,"Production > Fish performance and biology > Physiology, metabolism and biological responses",FALSE,,completed,NA
74446,V3_019,Environment > Environmental management > Monitoring and assessment,FALSE,,completed,NA
74446,V3_021,Industry and governance > Sector development > History and regional development,FALSE,,completed,NA
74446,V3_032,Industry and governance > Governance and policy > Policy and regulation,FALSE,,completed,NA
74446,V3_033,Industry and governance > Governance and policy > Licensing and spatial governance,FALSE,,completed,NA
74446,V3_035,"Industry and governance > Governance and policy > Compliance, enforcement and participation",FALSE,,completed,NA
74467,V3_113,"Production > Fish performance and biology > Physiology, metabolism and biological responses",FALSE,,completed,NA
74467,V3_114,Production > Fish performance and biology > Anatomy and tissues,FALSE,,completed,NA
82963,NA,NA,TRUE,Only title provided ('Return to the seas') with no abstract or substantive content — insufficient information to assign any specific hierarchy paths. Please provide the abstract or more details.,completed,NA
74820,V3_120,Production > Fish health > Other diseases - General,FALSE,,completed,NA
74831,V3_120,Production > Fish health > Other diseases - General,FALSE,,completed,NA
74838,V3_133,Environment > Environmental stressors > Natural biological hazards,FALSE,,completed,NA
74928,V3_088,Production > Fish health > General fish health,FALSE,,completed,NA
74928,V3_105,Production > Husbandry and farm management > Biosecurity and farm hygiene,FALSE,,completed,NA
74928,V3_121,Production > Fish health > Other diseases - Epidemiology,FALSE,,completed,NA
74928,V3_122,Production > Fish health > Other diseases - Prevention and treatment,FALSE,,completed,NA
74969,NA,NA,TRUE,Only the article title was provided with no abstract or substantive content; cannot determine applicable topics from title alone.,completed,NA
75069,V3_120,Production > Fish health > Other diseases - General,FALSE,,completed,NA
75097,V3_021,Industry and governance > Sector development > History and regional development,TRUE,"Only the title was provided and no abstract/content; socio-spatial framing suggests regional development, livelihoods and cultural/discourse aspects but scope is ambiguous. Recommend human review to confirm which social dimensions the paper addresses.",completed,NA
75097,V3_056,People and society > Communities and livelihoods > Livelihoods and income,TRUE,"Only the title was provided and no abstract/content; socio-spatial framing suggests regional development, livelihoods and cultural/discourse aspects but scope is ambiguous. Recommend human review to confirm which social dimensions the paper addresses.",completed,NA
75097,V3_057,People and society > Communities and livelihoods > Local and rural development,TRUE,"Only the title was provided and no abstract/content; socio-spatial framing suggests regional development, livelihoods and cultural/discourse aspects but scope is ambiguous. Recommend human review to confirm which social dimensions the paper addresses.",completed,NA
75097,V3_066,"People and society > Culture and knowledge > Culture, identity and traditions",TRUE,"Only the title was provided and no abstract/content; socio-spatial framing suggests regional development, livelihoods and cultural/discourse aspects but scope is ambiguous. Recommend human review to confirm which social dimensions the paper addresses.",completed,NA
75097,V3_068,People and society > Culture and knowledge > Public discourse and representation,TRUE,"Only the title was provided and no abstract/content; socio-spatial framing suggests regional development, livelihoods and cultural/discourse aspects but scope is ambiguous. Recommend human review to confirm which social dimensions the paper addresses.",completed,NA
75114,V3_046,Methods > Methodological research > Diagnostic and laboratory methods,FALSE,,completed,NA
75114,V3_089,Production > Breeding and reproduction > Selective breeding and genetic improvement,FALSE,,completed,NA
75114,V3_090,Production > Breeding and reproduction > Broodstock and reproductive performance,FALSE,,completed,NA
75218,V3_046,Methods > Methodological research > Diagnostic and laboratory methods,FALSE,,completed,NA
75302,NA,NA,TRUE,"Only a brief title ('Shrimp and Salmon Farming') was provided with no abstract or substantive detail about objectives, interventions, exposures, outcomes, or applications. Cannot reliably assign any specific three-level paths without additional information.",completed,NA
75303,V3_021,Industry and governance > Sector development > History and regional development,TRUE,"Only the article title was provided (no abstract). Assignments are based on the title's emphasis on ‘farming’ as a sector-level example and the phrase ‘mass market’ suggesting markets, value chains and retail; however the lack of abstract limits certainty and other relevant categories may apply.",completed,NA
75303,V3_028,"Industry and governance > Markets, trade and value chains > Supply, demand and prices",TRUE,"Only the article title was provided (no abstract). Assignments are based on the title's emphasis on ‘farming’ as a sector-level example and the phrase ‘mass market’ suggesting markets, value chains and retail; however the lack of abstract limits certainty and other relevant categories may apply.",completed,NA
75303,V3_030,"Industry and governance > Markets, trade and value chains > Value chains and supply chains",TRUE,"Only the article title was provided (no abstract). Assignments are based on the title's emphasis on ‘farming’ as a sector-level example and the phrase ‘mass market’ suggesting markets, value chains and retail; however the lack of abstract limits certainty and other relevant categories may apply.",completed,NA
75303,V3_031,"Industry and governance > Markets, trade and value chains > Retail, branding and marketing",TRUE,"Only the article title was provided (no abstract). Assignments are based on the title's emphasis on ‘farming’ as a sector-level example and the phrase ‘mass market’ suggesting markets, value chains and retail; however the lack of abstract limits certainty and other relevant categories may apply.",completed,NA
75520,V3_016,Environment > Wild populations and ecosystems > Biodiversity and ecosystem effects,FALSE,,completed,NA
83132,V3_073,Product > Composition and nutritional value > Contaminants and residues,FALSE,,completed,NA
83132,V3_081,Product > Food safety > Chemical food safety,FALSE,,completed,NA
75896,V3_046,Methods > Methodological research > Diagnostic and laboratory methods,FALSE,,completed,NA
75896,V3_121,Production > Fish health > Other diseases - Epidemiology,FALSE,,completed,NA
75896,V3_123,Production > Fish health > Other diseases - Diagnosis and detection,FALSE,,completed,NA
83205,V3_021,Industry and governance > Sector development > History and regional development,FALSE,,completed,NA
83225,V3_031,"Industry and governance > Markets, trade and value chains > Retail, branding and marketing",FALSE,,completed,NA
83225,V3_071,Product > General product issues > Multiple or general product attributes,FALSE,,completed,NA
83233,V3_021,Industry and governance > Sector development > History and regional development,TRUE,"Only the article title was available. The selected paths are plausible given an analysis of the 'potential and constraints' of Norwegian salmon aquaculture, but the abstract/full text is needed to confirm which of these topics are substantively addressed.",completed,NA
83233,V3_022,Industry and governance > Sector development > Innovation and technological transition,TRUE,"Only the article title was available. The selected paths are plausible given an analysis of the 'potential and constraints' of Norwegian salmon aquaculture, but the abstract/full text is needed to confirm which of these topics are substantively addressed.",completed,NA
83233,V3_024,Industry and governance > Firms and industry structure > Business strategy and investment,TRUE,"Only the article title was available. The selected paths are plausible given an analysis of the 'potential and constraints' of Norwegian salmon aquaculture, but the abstract/full text is needed to confirm which of these topics are substantively addressed.",completed,NA
83233,V3_025,Industry and governance > Economics and performance > Costs and profitability,TRUE,"Only the article title was available. The selected paths are plausible given an analysis of the 'potential and constraints' of Norwegian salmon aquaculture, but the abstract/full text is needed to confirm which of these topics are substantively addressed.",completed,NA
83233,V3_026,Industry and governance > Economics and performance > Productivity and economic efficiency,TRUE,"Only the article title was available. The selected paths are plausible given an analysis of the 'potential and constraints' of Norwegian salmon aquaculture, but the abstract/full text is needed to confirm which of these topics are substantively addressed.",completed,NA
83233,V3_028,"Industry and governance > Markets, trade and value chains > Supply, demand and prices",TRUE,"Only the article title was available. The selected paths are plausible given an analysis of the 'potential and constraints' of Norwegian salmon aquaculture, but the abstract/full text is needed to confirm which of these topics are substantively addressed.",completed,NA
83233,V3_030,"Industry and governance > Markets, trade and value chains > Value chains and supply chains",TRUE,"Only the article title was available. The selected paths are plausible given an analysis of the 'potential and constraints' of Norwegian salmon aquaculture, but the abstract/full text is needed to confirm which of these topics are substantively addressed.",completed,NA
83233,V3_032,Industry and governance > Governance and policy > Policy and regulation,TRUE,"Only the article title was available. The selected paths are plausible given an analysis of the 'potential and constraints' of Norwegian salmon aquaculture, but the abstract/full text is needed to confirm which of these topics are substantively addressed.",completed,NA
76068,V3_116,Production > Fish health > Sea lice epidemiology,TRUE,"The paper is molecular characterization of salmon louse genes; V3_116 (sea lice) is directly relevant, but it also fits general pathogen biology (V3_120). Please confirm both assignments are appropriate.",completed,NA
76068,V3_120,Production > Fish health > Other diseases - General,TRUE,"The paper is molecular characterization of salmon louse genes; V3_116 (sea lice) is directly relevant, but it also fits general pathogen biology (V3_120). Please confirm both assignments are appropriate.",completed,NA
76070,V3_117,Production > Fish health > Sea lice control and treatment,FALSE,,completed,NA
76070,V3_120,Production > Fish health > Other diseases - General,FALSE,,completed,NA
76071,V3_120,Production > Fish health > Other diseases - General,FALSE,,completed,NA
76074,V3_095,Production > Feed and nutrition > Conventional feed ingredients,FALSE,,completed,NA
76074,V3_097,Production > Feed and nutrition > Feed additives and supplements,FALSE,,completed,NA
76074,V3_098,Production > Feed and nutrition > Nutrient requirements and feed formulation,FALSE,,completed,NA
76074,V3_099,Production > Feed and nutrition > Feeding strategies and appetite,FALSE,,completed,NA
76074,V3_100,Production > Feed and nutrition > Digestibility and nutrient utilisation,FALSE,,completed,NA
76074,V3_101,Production > Feed and nutrition > Feed efficiency and conversion,FALSE,,completed,NA
76074,V3_112,Production > Fish performance and biology > Growth and development,FALSE,,completed,NA
76080,NA,NA,TRUE,"Only a species name (title) was provided; no abstract or substantive content to identify objectives, interventions, exposures, outcomes, or applications. Classification requires more information.",completed,NA
83246,NA,NA,TRUE,"Insufficient information—only a title provided with no abstract or substantive content. Cannot identify any specific objective, intervention, exposure, outcome, or application to map to the listed categories.",completed,NA
76127,NA,NA,TRUE,No abstract content provided (only title 'Introduction'); insufficient information to assign any substantive topic paths.,completed,NA
82402,V3_001,Environment > General environmental issues > Multiple or general environmental impacts,FALSE,,completed,NA
82402,V3_021,Industry and governance > Sector development > History and regional development,FALSE,,completed,NA
82402,V3_032,Industry and governance > Governance and policy > Policy and regulation,FALSE,,completed,NA
82402,V3_035,"Industry and governance > Governance and policy > Compliance, enforcement and participation",FALSE,,completed,NA
82402,V3_121,Production > Fish health > Other diseases - Epidemiology,FALSE,,completed,NA
83362,V3_014,Environment > Wild populations and ecosystems > Parasite and pathogen transmission,TRUE,"Title clearly indicates sea-lice development and dispersal (fits sea lice epidemiology). Dispersal may also imply transmission risk to wild populations, but the abstract is not provided to confirm scope or whether spillover to wild hosts was assessed; please verify whether the study explicitly addresses pathogen transmission to wild fish.",completed,NA
83362,V3_116,Production > Fish health > Sea lice epidemiology,TRUE,"Title clearly indicates sea-lice development and dispersal (fits sea lice epidemiology). Dispersal may also imply transmission risk to wild populations, but the abstract is not provided to confirm scope or whether spillover to wild hosts was assessed; please verify whether the study explicitly addresses pathogen transmission to wild fish.",completed,NA
76740,NA,NA,TRUE,"No substantive abstract content—only bibliographic/book listing. Cannot determine any specific objectives, interventions, exposures, outcomes, or applications from title alone.",completed,NA
76741,NA,NA,TRUE,Record contains only a title with no abstract or content. Insufficient information to substantively assign any specific three-level topic paths without guessing.,completed,NA
76747,NA,NA,TRUE,Only the title ('The Faroe Islands') is provided and no abstract or substantive content; topic(s) cannot be determined from the title alone.,completed,NA
76782,V3_038,Inputs and resources > Feed-resource supply > Novel feed resources,FALSE,,completed,NA
76782,V3_097,Production > Feed and nutrition > Feed additives and supplements,FALSE,,completed,NA
76874,V3_046,Methods > Methodological research > Diagnostic and laboratory methods,FALSE,,completed,NA
76874,V3_116,Production > Fish health > Sea lice epidemiology,FALSE,,completed,NA
76937,V3_068,People and society > Culture and knowledge > Public discourse and representation,FALSE,,completed,NA
76937,V3_086,"Product > Consumers and consumption > Perceptions, knowledge and trust",FALSE,,completed,NA
83425,V3_032,Industry and governance > Governance and policy > Policy and regulation,TRUE,"Only the title is provided (no abstract). Assignments are inferred from an inquiry submissions document (likely policy, licensing, public participation and public discourse) but content is ambiguous — human review recommended to confirm topics covered.",completed,NA
83425,V3_033,Industry and governance > Governance and policy > Licensing and spatial governance,TRUE,"Only the title is provided (no abstract). Assignments are inferred from an inquiry submissions document (likely policy, licensing, public participation and public discourse) but content is ambiguous — human review recommended to confirm topics covered.",completed,NA
83425,V3_035,"Industry and governance > Governance and policy > Compliance, enforcement and participation",TRUE,"Only the title is provided (no abstract). Assignments are inferred from an inquiry submissions document (likely policy, licensing, public participation and public discourse) but content is ambiguous — human review recommended to confirm topics covered.",completed,NA
83425,V3_068,People and society > Culture and knowledge > Public discourse and representation,TRUE,"Only the title is provided (no abstract). Assignments are inferred from an inquiry submissions document (likely policy, licensing, public participation and public discourse) but content is ambiguous — human review recommended to confirm topics covered.",completed,NA
77086,V3_120,Production > Fish health > Other diseases - General,TRUE,"Only the article title ('Infectious salmon anemia') was provided with no abstract or details; classification to the general diseases category is plausible but scope (epidemiology, diagnosis, treatment, etc.) is unclear and should be reviewed.",completed,NA
83439,V3_124,Production > Fish health > Non-infectious disease and disorders,TRUE,"Only the title was provided (no abstract). Assignments inferred from title referring to jellyfish interactions; these should be confirmed against the full abstract/text for specific outcomes (e.g. welfare impacts, morbidity/mortality) and any additional topics (monitoring, environmental drivers).",completed,NA
83439,V3_126,Production > Fish welfare > Welfare risks and consequences,TRUE,"Only the title was provided (no abstract). Assignments inferred from title referring to jellyfish interactions; these should be confirmed against the full abstract/text for specific outcomes (e.g. welfare impacts, morbidity/mortality) and any additional topics (monitoring, environmental drivers).",completed,NA
83439,V3_129,Production > Stress and mortality > Mortality and survival,TRUE,"Only the title was provided (no abstract). Assignments inferred from title referring to jellyfish interactions; these should be confirmed against the full abstract/text for specific outcomes (e.g. welfare impacts, morbidity/mortality) and any additional topics (monitoring, environmental drivers).",completed,NA
83439,V3_133,Environment > Environmental stressors > Natural biological hazards,TRUE,"Only the title was provided (no abstract). Assignments inferred from title referring to jellyfish interactions; these should be confirmed against the full abstract/text for specific outcomes (e.g. welfare impacts, morbidity/mortality) and any additional topics (monitoring, environmental drivers).",completed,NA
77140,V3_019,Environment > Environmental management > Monitoring and assessment,TRUE,"Only the title is available ('Veterinary health plan for farmed salmon'); assignment inferred from likely content (disease prevention/treatment, biosecurity, monitoring, general fish health). Full abstract needed to confirm applicability and add/remove categories.",completed,NA
77140,V3_088,Production > Fish health > General fish health,TRUE,"Only the title is available ('Veterinary health plan for farmed salmon'); assignment inferred from likely content (disease prevention/treatment, biosecurity, monitoring, general fish health). Full abstract needed to confirm applicability and add/remove categories.",completed,NA
77140,V3_105,Production > Husbandry and farm management > Biosecurity and farm hygiene,TRUE,"Only the title is available ('Veterinary health plan for farmed salmon'); assignment inferred from likely content (disease prevention/treatment, biosecurity, monitoring, general fish health). Full abstract needed to confirm applicability and add/remove categories.",completed,NA
77140,V3_122,Production > Fish health > Other diseases - Prevention and treatment,TRUE,"Only the title is available ('Veterinary health plan for farmed salmon'); assignment inferred from likely content (disease prevention/treatment, biosecurity, monitoring, general fish health). Full abstract needed to confirm applicability and add/remove categories.",completed,NA
77167,V3_089,Production > Breeding and reproduction > Selective breeding and genetic improvement,FALSE,,completed,NA
77296,V3_120,Production > Fish health > Other diseases - General,FALSE,,completed,NA
77296,V3_121,Production > Fish health > Other diseases - Epidemiology,FALSE,,completed,NA
83472,NA,NA,TRUE,Only a title is provided ('Hard to swallow: a brief history of food') with no abstract or specific content on farmed salmon/trout or aquaculture topics; insufficient information to assign any substantive topic paths.,completed,NA
77404,V3_046,Methods > Methodological research > Diagnostic and laboratory methods,FALSE,,completed,NA
77481,NA,NA,TRUE,Only a title ('Something smells fishy') was provided with no abstract or substantive details. Ambiguous phrasing could imply sensory/off-flavour issues but there is insufficient information to assign a specific hierarchy path. Please provide the full abstract or more context.,completed,NA
77559,NA,NA,TRUE,No abstract or substantive content provided—only the title 'Salmon Farming'. Insufficient information to assign any specific hierarchy paths.,completed,NA
77623,V3_071,Product > General product issues > Multiple or general product attributes,FALSE,,completed,NA
77623,V3_072,Product > Composition and nutritional value > Nutritional composition,FALSE,,completed,NA
77623,V3_073,Product > Composition and nutritional value > Contaminants and residues,FALSE,,completed,NA
77623,V3_074,Product > Fillet and carcass quality > Physical and visual quality,FALSE,,completed,NA
77623,V3_075,Product > Fillet and carcass quality > Yield and body composition,FALSE,,completed,NA
77623,V3_076,Product > Sensory quality > Sensory properties,FALSE,,completed,NA
77623,V3_077,Product > Processing and preservation > Primary processing,FALSE,,completed,NA
77623,V3_079,"Product > Processing and preservation > Storage, packaging and shelf life",FALSE,,completed,NA
77623,V3_080,Product > Food safety > Microbial food safety,FALSE,,completed,NA
77623,V3_081,Product > Food safety > Chemical food safety,FALSE,,completed,NA
77623,V3_082,Product > Human nutrition and health > Nutritional benefits and risks,FALSE,,completed,NA
77623,V3_085,"Product > Consumers and consumption > Preferences, choice and willingness to pay",FALSE,,completed,NA
77623,V3_086,"Product > Consumers and consumption > Perceptions, knowledge and trust",FALSE,,completed,NA
83511,V3_019,Environment > Environmental management > Monitoring and assessment,FALSE,,completed,NA
83511,V3_021,Industry and governance > Sector development > History and regional development,FALSE,,completed,NA
83511,V3_022,Industry and governance > Sector development > Innovation and technological transition,FALSE,,completed,NA
83511,V3_032,Industry and governance > Governance and policy > Policy and regulation,FALSE,,completed,NA
83511,V3_034,Industry and governance > Governance and policy > Certification and standards,FALSE,,completed,NA
83518,V3_036,Inputs and resources > Feed-resource supply > Marine feed resources,FALSE,,completed,NA
83518,V3_037,Inputs and resources > Feed-resource supply > Crop-based feed resources,FALSE,,completed,NA
83518,V3_072,Product > Composition and nutritional value > Nutritional composition,FALSE,,completed,NA
83518,V3_082,Product > Human nutrition and health > Nutritional benefits and risks,FALSE,,completed,NA
83518,V3_084,Product > Consumers and consumption > Consumption patterns,FALSE,,completed,NA
83518,V3_095,Production > Feed and nutrition > Conventional feed ingredients,FALSE,,completed,NA
83518,V3_096,Production > Feed and nutrition > Alternative feed ingredients,FALSE,,completed,NA
83518,V3_098,Production > Feed and nutrition > Nutrient requirements and feed formulation,FALSE,,completed,NA
84491,V3_099,Production > Feed and nutrition > Feeding strategies and appetite,TRUE,"Abstract text missing; title suggests lipostatic (lipid metabolism/appetite) regulation but scope and measured outcomes are ambiguous. Full abstract/full text needed to confirm and identify any additional applicable categories (e.g. growth, feed formulation, digestibility).",completed,NA
84491,V3_113,"Production > Fish performance and biology > Physiology, metabolism and biological responses",TRUE,"Abstract text missing; title suggests lipostatic (lipid metabolism/appetite) regulation but scope and measured outcomes are ambiguous. Full abstract/full text needed to confirm and identify any additional applicable categories (e.g. growth, feed formulation, digestibility).",completed,NA
77864,V3_080,Product > Food safety > Microbial food safety,FALSE,,completed,NA
77864,V3_081,Product > Food safety > Chemical food safety,FALSE,,completed,NA
77864,V3_086,"Product > Consumers and consumption > Perceptions, knowledge and trust",FALSE,,completed,NA
83564,NA,NA,TRUE,Only title provided and no abstract or substantive content; cannot determine applicable hierarchy paths from title alone.,completed,NA
78104,V3_089,Production > Breeding and reproduction > Selective breeding and genetic improvement,FALSE,,completed,NA
78140,V3_014,Environment > Wild populations and ecosystems > Parasite and pathogen transmission,FALSE,,completed,NA
78140,V3_050,Methods > Methodological research > Experimental design methods,FALSE,,completed,NA
78140,V3_110,Production > Production systems and technology > Integrated multi-trophic aquaculture,FALSE,,completed,NA
78140,V3_121,Production > Fish health > Other diseases - Epidemiology,FALSE,,completed,NA
83608,V3_011,Environment > Escapes > Escape occurrence and causes,FALSE,,completed,NA
83608,V3_013,Environment > Escapes > Post-escape ecology and impacts,FALSE,,completed,NA
78201,NA,NA,TRUE,"Insufficient information—only the title ('Salmon farming') provided with no abstract or substantive details, so no specific three-level path can be confidently assigned.",completed,NA
83615,V3_021,Industry and governance > Sector development > History and regional development,TRUE,"Only the title was provided (no abstract). The title suggests a focus on regional/sector change in British Columbia’s salmon farming industry; classification is tentative and should be confirmed with the full abstract (other categories such as policy, governance, or industry structure may also apply).",completed,NA
78251,NA,NA,FALSE,Study concerns reproductive mode and larval development of Capitella capitata (a polychaete); not about farmed salmon or rainbow trout and none of the provided salmon/trout-related paths apply.,completed,NA
78308,V3_066,"People and society > Culture and knowledge > Culture, identity and traditions",TRUE,"Only a title/no abstract text provided. Likely discusses narratives, culture and public discourse about farmed and wild salmon, but other applicable categories (e.g. history, Indigenous knowledge, environmental impacts) are uncertain without full content.",completed,NA
78308,V3_068,People and society > Culture and knowledge > Public discourse and representation,TRUE,"Only a title/no abstract text provided. Likely discusses narratives, culture and public discourse about farmed and wild salmon, but other applicable categories (e.g. history, Indigenous knowledge, environmental impacts) are uncertain without full content.",completed,NA
83636,V3_008,Environment > Physical environment > Hydrodynamics and water flow,TRUE,"Only title provided (no abstract). Assignments inferred from feasibility/site-construction focus (hydrographic area, water supply, land-based systems, licensing, regional development, infrastructure) — please confirm with full text.",completed,NA
83636,V3_021,Industry and governance > Sector development > History and regional development,TRUE,"Only title provided (no abstract). Assignments inferred from feasibility/site-construction focus (hydrographic area, water supply, land-based systems, licensing, regional development, infrastructure) — please confirm with full text.",completed,NA
83636,V3_033,Industry and governance > Governance and policy > Licensing and spatial governance,TRUE,"Only title provided (no abstract). Assignments inferred from feasibility/site-construction focus (hydrographic area, water supply, land-based systems, licensing, regional development, infrastructure) — please confirm with full text.",completed,NA
83636,V3_039,Inputs and resources > Farm inputs > Water supply,TRUE,"Only title provided (no abstract). Assignments inferred from feasibility/site-construction focus (hydrographic area, water supply, land-based systems, licensing, regional development, infrastructure) — please confirm with full text.",completed,NA
83636,V3_042,Inputs and resources > Farm inputs > Infrastructure and equipment,TRUE,"Only title provided (no abstract). Assignments inferred from feasibility/site-construction focus (hydrographic area, water supply, land-based systems, licensing, regional development, infrastructure) — please confirm with full text.",completed,NA
83636,V3_107,Production > Production systems and technology > Land-based and flow-through systems,TRUE,"Only title provided (no abstract). Assignments inferred from feasibility/site-construction focus (hydrographic area, water supply, land-based systems, licensing, regional development, infrastructure) — please confirm with full text.",completed,NA
83643,V3_002,Environment > Resource use and footprint > Marine-resource use,FALSE,,completed,NA
83643,V3_004,"Environment > Resource use and footprint > Energy, greenhouse gases and life-cycle footprint",FALSE,,completed,NA
83643,V3_036,Inputs and resources > Feed-resource supply > Marine feed resources,FALSE,,completed,NA
83643,V3_038,Inputs and resources > Feed-resource supply > Novel feed resources,FALSE,,completed,NA
83643,V3_096,Production > Feed and nutrition > Alternative feed ingredients,FALSE,,completed,NA
83675,V3_021,Industry and governance > Sector development > History and regional development,TRUE,"Only the paper title is available (no abstract content). Classification as a sector overview/history and regional development piece (Norway) is plausible, but other substantive topics may be covered in the full text; additional review recommended.",completed,NA
78575,V3_120,Production > Fish health > Other diseases - General,FALSE,,completed,NA
78575,V3_123,Production > Fish health > Other diseases - Diagnosis and detection,FALSE,,completed,NA
83702,V3_022,Industry and governance > Sector development > Innovation and technological transition,TRUE,"Only the title was available (no abstract). Assignments are plausible but tentative—human review recommended to confirm scope (e.g., whether justice/indigenous issues or other governance themes are addressed).",completed,NA
83702,V3_032,Industry and governance > Governance and policy > Policy and regulation,TRUE,"Only the title was available (no abstract). Assignments are plausible but tentative—human review recommended to confirm scope (e.g., whether justice/indigenous issues or other governance themes are addressed).",completed,NA
83702,V3_068,People and society > Culture and knowledge > Public discourse and representation,TRUE,"Only the title was available (no abstract). Assignments are plausible but tentative—human review recommended to confirm scope (e.g., whether justice/indigenous issues or other governance themes are addressed).",completed,NA
83702,V3_089,Production > Breeding and reproduction > Selective breeding and genetic improvement,TRUE,"Only the title was available (no abstract). Assignments are plausible but tentative—human review recommended to confirm scope (e.g., whether justice/indigenous issues or other governance themes are addressed).",completed,NA
72448,NA,NA,TRUE,No abstract content provided; title only ('Salmon aquaculture') is too general to assign any specific three-level topic paths.,completed,NA
72450,NA,NA,TRUE,Document contains only the title 'Erratum' and no abstract or substantive content; no applicable topic path can be identified.,completed,NA
72468,NA,NA,TRUE,No substantive content provided (title only: 'In This Issue'; abstract empty). Cannot determine any applicable topic paths.,completed,NA
72476,NA,NA,TRUE,No abstract text or substantive information provided (only the title 'Executive summary'); cannot determine applicable topics — human review needed.,completed,NA
72500,V3_023,"Industry and governance > Firms and industry structure > Companies, ownership and concentration",TRUE,"Title-only record — lacks detail on what is being supplied (e.g. equipment, feed, therapeutants) and the context; classification limited to company and supply/trade themes. Recommend reviewing full article for more specific paths (e.g. infrastructure, inputs, or markets).",completed,NA
72500,V3_029,"Industry and governance > Markets, trade and value chains > International trade",TRUE,"Title-only record — lacks detail on what is being supplied (e.g. equipment, feed, therapeutants) and the context; classification limited to company and supply/trade themes. Recommend reviewing full article for more specific paths (e.g. infrastructure, inputs, or markets).",completed,NA
72500,V3_030,"Industry and governance > Markets, trade and value chains > Value chains and supply chains",TRUE,"Title-only record — lacks detail on what is being supplied (e.g. equipment, feed, therapeutants) and the context; classification limited to company and supply/trade themes. Recommend reviewing full article for more specific paths (e.g. infrastructure, inputs, or markets).",completed,NA
72503,NA,NA,TRUE,Only the title ('Salmon Aquaculture in Crisis') was provided with no abstract or details. The title alone is too vague to substantively assign specific three-level topic paths without risking incorrect inferences; please provide the abstract or more content.,completed,NA
72513,V3_010,Environment > Physical environment > Water quality,FALSE,,completed,NA
72513,V3_108,Production > Production systems and technology > Recirculating aquaculture systems,FALSE,,completed,NA
72513,V3_113,"Production > Fish performance and biology > Physiology, metabolism and biological responses",FALSE,,completed,NA
72513,V3_124,Production > Fish health > Non-infectious disease and disorders,FALSE,,completed,NA
72513,V3_128,Production > Stress and mortality > Stress,FALSE,,completed,NA
83719,V3_112,Production > Fish performance and biology > Growth and development,FALSE,,completed,NA
83719,V3_120,Production > Fish health > Other diseases - General,FALSE,,completed,NA
78702,V3_001,Environment > General environmental issues > Multiple or general environmental impacts,TRUE,"Only the title is available ('Salmon aquaculture threatens Patagonia'); scope and specific impacts are unclear (could refer to biodiversity loss, pollution, escapes, disease, etc.). Human review recommended to confirm and/or add additional relevant categories.",completed,NA
78702,V3_016,Environment > Wild populations and ecosystems > Biodiversity and ecosystem effects,TRUE,"Only the title is available ('Salmon aquaculture threatens Patagonia'); scope and specific impacts are unclear (could refer to biodiversity loss, pollution, escapes, disease, etc.). Human review recommended to confirm and/or add additional relevant categories.",completed,NA
83768,NA,NA,TRUE,"Only the title is provided (""Coho salmon farming in Puget Sound"") with no abstract or substantive detail. Insufficient information to assign any specific three-level hierarchy paths without risking inference from isolated words or background context.",completed,NA
83779,V3_032,Industry and governance > Governance and policy > Policy and regulation,FALSE,,completed,NA
83779,V3_035,"Industry and governance > Governance and policy > Compliance, enforcement and participation",FALSE,,completed,NA
83779,V3_068,People and society > Culture and knowledge > Public discourse and representation,FALSE,,completed,NA
83781,V3_001,Environment > General environmental issues > Multiple or general environmental impacts,FALSE,,completed,NA
83781,V3_032,Industry and governance > Governance and policy > Policy and regulation,FALSE,,completed,NA
83781,V3_068,People and society > Culture and knowledge > Public discourse and representation,FALSE,,completed,NA
79036,V3_046,Methods > Methodological research > Diagnostic and laboratory methods,FALSE,,completed,NA
79036,V3_113,"Production > Fish performance and biology > Physiology, metabolism and biological responses",FALSE,,completed,NA
79073,NA,NA,TRUE,No abstract text or substantive information provided in the record; cannot assign any hierarchy paths.,completed,NA
79248,NA,NA,TRUE,Paper is a taxonomic description of a new annelid species from Western Canada and does not address farmed salmon or rainbow trout topics listed in the hierarchy; no applicable paths.,completed,NA
83852,V3_021,Industry and governance > Sector development > History and regional development,FALSE,,completed,NA
83853,V3_021,Industry and governance > Sector development > History and regional development,TRUE,"Only the title ('The B.C. Salmon Farming Industry') provided — no abstract or substantive details. Category assignment is conservative (sector history/development). Other industry, governance, market or company categories may also apply but cannot be confirmed without more text.",completed,NA
79551,V3_059,People and society > Communities and livelihoods > Conflict and social licence,FALSE,,completed,NA
83904,V3_071,Product > General product issues > Multiple or general product attributes,FALSE,,completed,NA
83904,V3_072,Product > Composition and nutritional value > Nutritional composition,FALSE,,completed,NA
83904,V3_074,Product > Fillet and carcass quality > Physical and visual quality,FALSE,,completed,NA
83904,V3_075,Product > Fillet and carcass quality > Yield and body composition,FALSE,,completed,NA
83904,V3_077,Product > Processing and preservation > Primary processing,FALSE,,completed,NA
83904,V3_078,"Product > Processing and preservation > Smoking, curing and value addition",FALSE,,completed,NA
83904,V3_079,"Product > Processing and preservation > Storage, packaging and shelf life",FALSE,,completed,NA
83904,V3_130,Production > Harvest and slaughter > Harvest and pre-slaughter management,FALSE,,completed,NA
83913,V3_072,Product > Composition and nutritional value > Nutritional composition,FALSE,,completed,NA
83913,V3_082,Product > Human nutrition and health > Nutritional benefits and risks,FALSE,,completed,NA
82410,V3_001,Environment > General environmental issues > Multiple or general environmental impacts,FALSE,,completed,NA
82410,V3_019,Environment > Environmental management > Monitoring and assessment,FALSE,,completed,NA
82410,V3_020,Environment > Environmental management > Mitigation and remediation,FALSE,,completed,NA
82410,V3_021,Industry and governance > Sector development > History and regional development,FALSE,,completed,NA
82410,V3_023,"Industry and governance > Firms and industry structure > Companies, ownership and concentration",FALSE,,completed,NA
82410,V3_024,Industry and governance > Firms and industry structure > Business strategy and investment,FALSE,,completed,NA
82410,V3_029,"Industry and governance > Markets, trade and value chains > International trade",FALSE,,completed,NA
82410,V3_030,"Industry and governance > Markets, trade and value chains > Value chains and supply chains",FALSE,,completed,NA
82410,V3_032,Industry and governance > Governance and policy > Policy and regulation,FALSE,,completed,NA
82410,V3_033,Industry and governance > Governance and policy > Licensing and spatial governance,FALSE,,completed,NA
82410,V3_035,"Industry and governance > Governance and policy > Compliance, enforcement and participation",FALSE,,completed,NA
82410,V3_053,People and society > Labour and employment > Employment and job creation,FALSE,,completed,NA
82410,V3_057,People and society > Communities and livelihoods > Local and rural development,FALSE,,completed,NA
82410,V3_059,People and society > Communities and livelihoods > Conflict and social licence,FALSE,,completed,NA
82410,V3_061,"People and society > Equity, justice and rights > Environmental justice and human rights",FALSE,,completed,NA
82410,V3_068,People and society > Culture and knowledge > Public discourse and representation,FALSE,,completed,NA
83918,V3_021,Industry and governance > Sector development > History and regional development,FALSE,,completed,NA
83924,V3_021,Industry and governance > Sector development > History and regional development,FALSE,,completed,NA
83924,V3_036,Inputs and resources > Feed-resource supply > Marine feed resources,FALSE,,completed,NA
83924,V3_037,Inputs and resources > Feed-resource supply > Crop-based feed resources,FALSE,,completed,NA
83924,V3_095,Production > Feed and nutrition > Conventional feed ingredients,FALSE,,completed,NA
83924,V3_096,Production > Feed and nutrition > Alternative feed ingredients,FALSE,,completed,NA
83924,V3_098,Production > Feed and nutrition > Nutrient requirements and feed formulation,FALSE,,completed,NA
83924,V3_099,Production > Feed and nutrition > Feeding strategies and appetite,FALSE,,completed,NA
83924,V3_101,Production > Feed and nutrition > Feed efficiency and conversion,FALSE,,completed,NA
79902,V3_046,Methods > Methodological research > Diagnostic and laboratory methods,FALSE,,completed,NA
79902,V3_121,Production > Fish health > Other diseases - Epidemiology,FALSE,,completed,NA
79902,V3_123,Production > Fish health > Other diseases - Diagnosis and detection,FALSE,,completed,NA
82368,V3_001,Environment > General environmental issues > Multiple or general environmental impacts,TRUE,"Only the title is available; scope (environmental efficiency) and links to the 2007 ISA outbreak and regulations imply historical/regulatory and environmental footprint topics but the abstract text is missing—please confirm whether the study specifically addresses LCA/GHG, resource-efficiency or broader environmental impacts.",completed,NA
82368,V3_004,"Environment > Resource use and footprint > Energy, greenhouse gases and life-cycle footprint",TRUE,"Only the title is available; scope (environmental efficiency) and links to the 2007 ISA outbreak and regulations imply historical/regulatory and environmental footprint topics but the abstract text is missing—please confirm whether the study specifically addresses LCA/GHG, resource-efficiency or broader environmental impacts.",completed,NA
82368,V3_021,Industry and governance > Sector development > History and regional development,TRUE,"Only the title is available; scope (environmental efficiency) and links to the 2007 ISA outbreak and regulations imply historical/regulatory and environmental footprint topics but the abstract text is missing—please confirm whether the study specifically addresses LCA/GHG, resource-efficiency or broader environmental impacts.",completed,NA
82368,V3_032,Industry and governance > Governance and policy > Policy and regulation,TRUE,"Only the title is available; scope (environmental efficiency) and links to the 2007 ISA outbreak and regulations imply historical/regulatory and environmental footprint topics but the abstract text is missing—please confirm whether the study specifically addresses LCA/GHG, resource-efficiency or broader environmental impacts.",completed,NA
82368,V3_045,Inputs and resources > Circularity > Resource efficiency,TRUE,"Only the title is available; scope (environmental efficiency) and links to the 2007 ISA outbreak and regulations imply historical/regulatory and environmental footprint topics but the abstract text is missing—please confirm whether the study specifically addresses LCA/GHG, resource-efficiency or broader environmental impacts.",completed,NA
84024,V3_023,"Industry and governance > Firms and industry structure > Companies, ownership and concentration",TRUE,"Only the title provided (no abstract text). Assigned paths based on explicit company name (Verlasso) and product wording ('Premium Farmed Salmon', 'Sustainable Salmon Farming'). Other substantive topics (e.g., specific environmental impacts, feed, certification) may be relevant but cannot be determined from the title alone.",completed,NA
84024,V3_071,Product > General product issues > Multiple or general product attributes,TRUE,"Only the title provided (no abstract text). Assigned paths based on explicit company name (Verlasso) and product wording ('Premium Farmed Salmon', 'Sustainable Salmon Farming'). Other substantive topics (e.g., specific environmental impacts, feed, certification) may be relevant but cannot be determined from the title alone.",completed,NA
84025,NA,NA,TRUE,No abstract or substantive content provided—only a title ('Farmed Salmon FAQ | Verlasso'). Cannot reliably assign any specific hierarchy paths from the title alone.,completed,NA
84069,V3_021,Industry and governance > Sector development > History and regional development,TRUE,"Only the article title was available. Classification based on the title (regional farming overview); full abstract/text needed to identify additional substantive topics (e.g. production systems, livelihoods, markets, policy).",completed,NA
84102,V3_019,Environment > Environmental management > Monitoring and assessment,TRUE,"Only the title ('Farmed and wild salmon in Etneelva 2018') was provided with no abstract or details. The title most plausibly indicates a monitoring/assessment of farmed and wild salmon in that river/year, but the study could also address escapes, genetic introgression, disease transfer, or ecological impacts. Human review recommended to confirm appropriate classifications.",completed,NA
84103,V3_011,Environment > Escapes > Escape occurrence and causes,FALSE,,completed,NA
80557,V3_089,Production > Breeding and reproduction > Selective breeding and genetic improvement,FALSE,,completed,NA
84118,V3_073,Product > Composition and nutritional value > Contaminants and residues,FALSE,,completed,NA
84118,V3_081,Product > Food safety > Chemical food safety,FALSE,,completed,NA
84163,NA,NA,TRUE,Only a title is provided (no abstract or substantive content). Cannot reliably assign any specific three-level topic path from the available information.,completed,NA
84165,V3_047,Methods > Methodological research > Monitoring and sampling methods,FALSE,,completed,NA
84165,V3_048,"Methods > Methodological research > Sensors, imaging and measurement methods",FALSE,,completed,NA
84165,V3_111,Production > Production systems and technology > Automation and precision aquaculture,FALSE,,completed,NA
84167,V3_001,Environment > General environmental issues > Multiple or general environmental impacts,FALSE,,completed,NA
84167,V3_016,Environment > Wild populations and ecosystems > Biodiversity and ecosystem effects,FALSE,,completed,NA
84167,V3_019,Environment > Environmental management > Monitoring and assessment,FALSE,,completed,NA
84167,V3_020,Environment > Environmental management > Mitigation and remediation,FALSE,,completed,NA
84167,V3_032,Industry and governance > Governance and policy > Policy and regulation,FALSE,,completed,NA
84167,V3_033,Industry and governance > Governance and policy > Licensing and spatial governance,FALSE,,completed,NA
84167,V3_035,"Industry and governance > Governance and policy > Compliance, enforcement and participation",FALSE,,completed,NA
84167,V3_059,People and society > Communities and livelihoods > Conflict and social licence,FALSE,,completed,NA
80842,NA,NA,TRUE,No abstract text provided (only the title 'Salmon Farming Handbook'); insufficient information to assign any substantive three-level topic paths.,completed,NA
80927,V3_032,Industry and governance > Governance and policy > Policy and regulation,TRUE,"Only the title is available (no abstract content). Classification is inferred from the title 'Debating Farmed Salmon Production' and the disciplinary framing; additional text could change applicable categories (e.g. focus on Indigenous rights, licensing, economics, or environmental impacts). Review recommended.",completed,NA
80927,V3_059,People and society > Communities and livelihoods > Conflict and social licence,TRUE,"Only the title is available (no abstract content). Classification is inferred from the title 'Debating Farmed Salmon Production' and the disciplinary framing; additional text could change applicable categories (e.g. focus on Indigenous rights, licensing, economics, or environmental impacts). Review recommended.",completed,NA
80927,V3_068,People and society > Culture and knowledge > Public discourse and representation,TRUE,"Only the title is available (no abstract content). Classification is inferred from the title 'Debating Farmed Salmon Production' and the disciplinary framing; additional text could change applicable categories (e.g. focus on Indigenous rights, licensing, economics, or environmental impacts). Review recommended.",completed,NA
84211,V3_090,Production > Breeding and reproduction > Broodstock and reproductive performance,FALSE,,completed,NA
84211,V3_091,Production > Breeding and reproduction > Maturation and sterility control,FALSE,,completed,NA
81231,V3_106,Production > Production systems and technology > Marine cage systems,TRUE,"Only the title is available. It clearly addresses cage-based cultivation (a cage production system) in a reservoir, so the closest listed match is 'Marine cage systems'. Unclear whether the study focuses on production-system design only or also on growth, stocking, husbandry or environmental impacts; additional categories may apply but are not specified in the title.",completed,NA
84259,NA,NA,TRUE,"Only a title ('Salmon Aquaculture Salmoniculture') was provided with no abstract or substantive detail. Scope and objectives are ambiguous, so no specific three-level hierarchy path can be confidently assigned.",completed,NA
84293,V3_021,Industry and governance > Sector development > History and regional development,FALSE,,completed,NA
84293,V3_051,Methods > Methodological research > Evidence-synthesis and classification methods,FALSE,,completed,NA
84293,V3_106,Production > Production systems and technology > Marine cage systems,FALSE,,completed,NA
81450,NA,NA,TRUE,Only a generic title ('Teleost Fish') provided with no abstract or substantive details—insufficient information to assign any specific three-level hierarchy paths.,completed,NA
84308,NA,NA,TRUE,Only the title was provided with no abstract or substantive details. 'Identifying emerging risks' is too general to map to specific three-level paths without further information—please supply the abstract or more context.,completed,NA
84330,V3_021,Industry and governance > Sector development > History and regional development,TRUE,"Only the title is available (no abstract). The title suggests an industry/sector overview and claims about feeding the world (food security, trade and value-chain implications), but substantive scope is uncertain without the abstract or full text.",completed,NA
84330,V3_029,"Industry and governance > Markets, trade and value chains > International trade",TRUE,"Only the title is available (no abstract). The title suggests an industry/sector overview and claims about feeding the world (food security, trade and value-chain implications), but substantive scope is uncertain without the abstract or full text.",completed,NA
84330,V3_030,"Industry and governance > Markets, trade and value chains > Value chains and supply chains",TRUE,"Only the title is available (no abstract). The title suggests an industry/sector overview and claims about feeding the world (food security, trade and value-chain implications), but substantive scope is uncertain without the abstract or full text.",completed,NA
84330,V3_063,People and society > Food security and access > Food availability and nutritional security,TRUE,"Only the title is available (no abstract). The title suggests an industry/sector overview and claims about feeding the world (food security, trade and value-chain implications), but substantive scope is uncertain without the abstract or full text.",completed,NA
81692,V3_068,People and society > Culture and knowledge > Public discourse and representation,TRUE,"Only the article title was available. The phrase ""Breeding words for technology"" suggests analysis of language/public discourse rather than a clear empirical study; classification is tentative and should be reviewed if full abstract/text indicates a different focus (e.g., selective breeding, regional development, or cultural identity).",completed,NA
84359,V3_089,Production > Breeding and reproduction > Selective breeding and genetic improvement,FALSE,,completed,NA
84515,NA,NA,TRUE,No abstract or substantive content provided—title alone ('Manual of Salmonid Farming') is insufficient to reliably assign specific three-level topic paths without speculative inference. Please supply the abstract or more detailed content.,completed,NA
84420,V3_021,Industry and governance > Sector development > History and regional development,TRUE,"Only the title is available (no abstract content). It appears to be a temporal overview of salmon and trout farming (1979–1994) and likely a historical/summary review, but scope and focus are uncertain—human review recommended to confirm classifications.",completed,NA
84420,V3_051,Methods > Methodological research > Evidence-synthesis and classification methods,TRUE,"Only the title is available (no abstract content). It appears to be a temporal overview of salmon and trout farming (1979–1994) and likely a historical/summary review, but scope and focus are uncertain—human review recommended to confirm classifications.",completed,NA
84434,NA,NA,FALSE,,completed,NA
84456,V3_090,Production > Breeding and reproduction > Broodstock and reproductive performance,FALSE,,completed,NA
84456,V3_092,"Production > Early life and transfer > Eggs, fry and parr production",FALSE,,completed,NA
014-355-569-901-059,V3_014,Environment > Wild populations and ecosystems > Parasite and pathogen transmission,FALSE,,completed,NA
014-355-569-901-059,V3_047,Methods > Methodological research > Monitoring and sampling methods,FALSE,,completed,NA
014-355-569-901-059,V3_116,Production > Fish health > Sea lice epidemiology,FALSE,,completed,NA
